map,algorithm,cost_limit,seed,score,cost,winrate,step_at_extract,n_rows
1c3s5z,MAPPO-Lag,0.0,1,16.816401394930754,7.611522111025724,0.26480907889331606,500000.0,11
1c3s5z,MAPPO-Lag,0.0,2,18.47895552895286,5.293489933013916,0.6251400544636042,500000.0,11
1c3s5z,MAPPO-Lag,0.0,3,16.909792119806465,8.551524248990146,0.10435566999034492,500000.0,11
2m_vs_1z,MAPPO-Lag,0.0,1,19.952233574607156,0.010543123141608456,0.9954545454545454,500000.0,11
2m_vs_1z,MAPPO-Lag,0.0,2,19.982252814553,0.002361275086348707,0.9981818181818182,500000.0,11
2m_vs_1z,MAPPO-Lag,0.0,3,19.98198023709384,0.002895765218206427,0.9990909090909091,500000.0,11
2m_vs_1z,MAPPO-Lag,1.0,1,19.99313649264249,0.002913752951743928,0.9990909090909091,500000.0,11
2m_vs_1z,MAPPO-Lag,1.0,2,19.993179841475055,0.002319867003031752,1.0,500000.0,11
2m_vs_1z,MAPPO-Lag,1.0,3,19.987078579989348,0.00599779827858914,0.9981818181818182,500000.0,11
8m,MAPPO-Lag,0.0,1,8.944949930364436,7.9976325902071865,0.0,500000.0,11
8m,MAPPO-Lag,0.0,2,8.926288257945668,8.0,0.0,500000.0,11
8m,MAPPO-Lag,0.0,3,8.947385354475541,8.0,0.0,500000.0,11
8m,MAPPO-Lag,4.0,1,9.306314208290793,7.999508597634056,0.0009090909090909091,500000.0,11
8m,MAPPO-Lag,4.0,2,8.860710404135965,8.0,0.0,500000.0,11
8m,MAPPO-Lag,4.0,3,8.57483993877064,8.0,0.0,500000.0,11
