method,domain,seed,steps,runtime_seconds,target_steps
CA-MAMBA,SMAC_8m_d4,1,100175,59301.1,100000
CA-MAMBA,SMAC_8m_d4,2,100083,57235.4,100000
CA-MAMBA,SMAC_8m_d4,3,100315,59915.5,100000
MACPO,SMAC_8m_d4,1,85000,804.8,100000
MACPO,SMAC_8m_d4,2,85000,850.5,100000
MACPO,SMAC_8m_d4,3,85000,791.7,100000
MAPPO-Lag,SMAC_8m_d4,3,100000,2134.2,100000
MAPPO-Lag,SMAC_8m_d4,2,100000,1945.9,100000
MAPPO-Lag,SMAC_8m_d4,1,100000,2844.7,100000
CA-MAMBA,HC_2x3_d25,2,92000,1483.6,100000
CA-MAMBA,HC_2x3_d25,1,92000,1667.3,100000
CA-MAMBA,HC_2x3_d25,3,92000,1444.5,100000
MACPO,HC_2x3_d25,?,100000,384.3,100000
MACPO,HC_2x3_d25,?,100000,398.9,100000
MACPO,HC_2x3_d25,?,100000,448.5,100000
MAPPO-Lag,HC_2x3_d25,?,85000,227.2,100000
MAPPO-Lag,HC_2x3_d25,?,85000,229.4,100000
MAPPO-Lag,HC_2x3_d25,?,85000,226.0,100000
MACPO,SMAC_8m_d4,1,995000,9143.8,1000000
MACPO,SMAC_8m_d4,2,995000,9071.1,1000000
MACPO,SMAC_8m_d4,3,995000,8944.4,1000000
MACPO,SMAC_8m_d4,1,5005000,43306.0,5000000
MACPO,SMAC_8m_d4,2,5005000,43653.6,5000000
MACPO,SMAC_8m_d4,3,5005000,42338.2,5000000
MAPPO-Lag,SMAC_8m_d4,1,995000,28216.3,1000000
MAPPO-Lag,SMAC_8m_d4,2,995000,20090.9,1000000
MAPPO-Lag,SMAC_8m_d4,3,995000,19911.9,1000000
MAPPO-Lag,SMAC_8m_d4,1,4995000,150900.6,5000000
MAPPO-Lag,SMAC_8m_d4,2,4995000,103456.2,5000000
MAPPO-Lag,SMAC_8m_d4,3,4995000,106540.9,5000000
MACPO,HC_2x3_d25,1,1000000,3565.5,1000000
MACPO,HC_2x3_d25,2,1000000,3712.2,1000000
MACPO,HC_2x3_d25,3,1000000,4245.7,1000000
MACPO,HC_2x3_d25,1,9990000,35003.0,10000000
MACPO,HC_2x3_d25,2,9990000,37326.5,10000000
MACPO,HC_2x3_d25,3,9990000,42604.6,10000000
MAPPO-Lag,HC_2x3_d25,1,995000,2615.0,1000000
MAPPO-Lag,HC_2x3_d25,2,995000,2641.3,1000000
MAPPO-Lag,HC_2x3_d25,3,995000,2617.5,1000000
MAPPO-Lag,HC_2x3_d25,1,9980000,26283.4,10000000
MAPPO-Lag,HC_2x3_d25,2,9980000,26510.1,10000000
MAPPO-Lag,HC_2x3_d25,3,9980000,26294.6,10000000
CA-MAMBA,HC_2x3_d25,1,1075000,19841.6,1000000
CA-MAMBA,HC_2x3_d25,2,1075000,16719.2,1000000
CA-MAMBA,HC_2x3_d25,3,1075000,16285.2,1000000
