map,algorithm,cost_limit,seed,wandb_state,wandb_id,score,cost,winrate,step_at_extract,n_rows_in_window
1c3s5z,MAPPO-Lag,0.0,1,finished,nu1lz4f8,19.970627177845348,1.0770105827938428,0.9981818181818182,2000000.0,11
1c3s5z,MAPPO-Lag,0.0,2,finished,5dd8p9t9,19.95788712935014,1.0016887838190252,1.0,2000000.0,11
1c3s5z,MAPPO-Lag,0.0,3,finished,bq06u3ga,19.94557675448331,1.0437659350308506,0.9990909090909091,2000000.0,11
1c3s5z,MAPPO-Lag,4.0,1,finished,ek9nbten,19.94451314752752,0.7898268753832037,0.9990909090909091,2000000.0,11
1c3s5z,MAPPO-Lag,4.0,2,finished,yx98jttk,19.957125230269,1.1357761187986894,0.9954545454545454,2000000.0,11
1c3s5z,MAPPO-Lag,4.0,3,finished,78ex49i4,19.954515630548652,1.025098524310372,0.9972727272727273,2000000.0,11
2m_vs_1z,MAPPO-Lag,0.0,1,failed,xrsipfve,19.99999965320934,0.0,1.0,2000000.0,11
2m_vs_1z,MAPPO-Lag,0.0,2,finished,p4yxyewj,19.999999133023348,0.0,1.0,2000000.0,11
2m_vs_1z,MAPPO-Lag,0.0,3,finished,kqrne6xw,20.0,0.0,1.0,2000000.0,11
2m_vs_1z,MAPPO-Lag,1.0,1,finished,pccr85wh,19.999999133023348,0.0,1.0,2000000.0,11
2m_vs_1z,MAPPO-Lag,1.0,2,finished,aciqy2ih,19.999999826604668,0.0,1.0,2000000.0,11
2m_vs_1z,MAPPO-Lag,1.0,3,finished,3ddj69gk,19.999999826604668,0.0,1.0,2000000.0,11
2s3z,MAPPO-Lag,0.0,1,finished,lxjwymw4,19.865300612016156,0.6146699732000177,0.9836363636363636,2000000.0,11
2s3z,MAPPO-Lag,0.0,2,finished,c5b1580i,16.5474928075617,5.023715409365567,0.0,2000000.0,11
2s3z,MAPPO-Lag,0.0,3,finished,qopm57zn,19.849097165194426,0.6246630820361051,0.9854545454545455,2000000.0,11
2s3z,MAPPO-Lag,4.0,1,finished,aslpxgmq,19.890805157748137,0.47039963711391797,0.9890909090909091,2000000.0,11
2s3z,MAPPO-Lag,4.0,2,finished,mjf7xs1v,19.806475032459606,0.5898206559094515,0.9763636363636364,2000000.0,11
2s3z,MAPPO-Lag,4.0,3,finished,8tt4hb0y,19.685867829756305,0.7181248339739713,0.9572727272727272,2000000.0,11
2s_vs_1sc,MAPPO-Lag,0.0,1,finished,ngw29i6u,20.235226544466887,0.23131890730424362,1.0,2000000.0,11
2s_vs_1sc,MAPPO-Lag,0.0,2,finished,yqje4xpr,20.230232412164863,0.1509984474290501,1.0,2000000.0,11
2s_vs_1sc,MAPPO-Lag,0.0,3,finished,yqg23o0r,20.23310834711248,0.12593584169041028,1.0,2000000.0,11
2s_vs_1sc,MAPPO-Lag,1.0,1,finished,jbu1j8y9,20.234228307550605,0.13512121615084735,1.0,2000000.0,11
2s_vs_1sc,MAPPO-Lag,1.0,2,finished,mna7zai9,20.2293683832342,0.14435212923721832,1.0,2000000.0,11
2s_vs_1sc,MAPPO-Lag,1.0,3,finished,o8aznoz7,20.231520392678,0.10600389167666435,1.0,2000000.0,11
3m,MAPPO-Lag,0.0,1,finished,5i9r3usw,19.91579125144265,0.19453981112350116,0.9927272727272727,2000000.0,11
3m,MAPPO-Lag,0.0,2,finished,2n9rtcy3,19.99058619412509,0.028199171647429466,0.9990909090909091,2000000.0,11
3m,MAPPO-Lag,0.0,3,finished,o4h2db89,19.985595529729668,0.015180175912312487,1.0,2000000.0,11
3m,MAPPO-Lag,1.0,1,finished,4y8p3ocz,19.98640112443404,0.022603611461818218,0.9981818181818182,2000000.0,11
3m,MAPPO-Lag,1.0,2,finished,oz6sfshn,20.0,0.027033057402480732,1.0,2000000.0,11
3m,MAPPO-Lag,1.0,3,finished,41htar2o,19.99556541442871,0.021464066833935,0.9990909090909091,2000000.0,11
3s5z_vs_3s6z,MAPPO-Lag,0.0,1,finished,qzgr6i1p,10.8160288550637,8.077540137551047,0.0,2000000.0,11
3s5z_vs_3s6z,MAPPO-Lag,0.0,2,finished,2ubxvj72,12.862233768809926,8.096418727527965,0.0,2000000.0,11
3s5z_vs_3s6z,MAPPO-Lag,0.0,3,finished,ekvft7s4,11.578675530173562,8.099431818181818,0.0,2000000.0,11
3s5z_vs_3s6z,MAPPO-Lag,4.0,1,finished,p2qalzq3,11.339787309820002,8.077134999361904,0.0,2000000.0,11
3s5z_vs_3s6z,MAPPO-Lag,4.0,2,finished,d4sxz7l6,11.671815958890049,8.090909090909092,0.0,2000000.0,11
3s5z_vs_3s6z,MAPPO-Lag,4.0,3,finished,mvwxtsg9,12.226770401000977,8.04415581443093,0.0,2000000.0,11
3s_vs_3z,MAPPO-Lag,0.0,1,finished,pwbm9mkl,19.82000628384677,0.10801815139976415,0.9842884533640746,2000000.0,11
3s_vs_3z,MAPPO-Lag,0.0,2,finished,dzyvywr3,19.728140224109996,0.18672684173692355,0.9734299061118533,2000000.0,11
3s_vs_3z,MAPPO-Lag,0.0,3,finished,asmd5aez,19.88211302323775,0.06382632264020768,0.9917104448288381,2000000.0,11
3s_vs_3z,MAPPO-Lag,1.0,1,finished,r7oleaap,19.49601329456676,0.2553212872960351,0.9420367821974248,2000000.0,11
3s_vs_3z,MAPPO-Lag,1.0,2,finished,6y8iywt0,19.664511940696023,0.21150521663102237,0.9585142994142601,2000000.0,11
3s_vs_3z,MAPPO-Lag,1.0,3,finished,kp98dhpw,19.74801930514249,0.17362885718995874,0.9738978938240238,2000000.0,11
3s_vs_4z,MAPPO-Lag,0.0,1,finished,zm83obg0,9.736013065684926,3.02693603255532,0.0,2000000.0,11
3s_vs_4z,MAPPO-Lag,0.0,2,finished,9j4tipyh,8.955119393088601,3.01558442549272,0.0,2000000.0,11
3s_vs_4z,MAPPO-Lag,0.0,3,finished,02od7cl2,9.384975693442605,3.0349650382995605,0.0,2000000.0,11
3s_vs_4z,MAPPO-Lag,1.0,1,finished,bfg0nhmf,9.21335844560103,3.0293255069039087,0.0,2000000.0,11
3s_vs_4z,MAPPO-Lag,1.0,2,finished,lstij2xs,9.442930568348277,3.016528931531039,0.0,2000000.0,11
3s_vs_4z,MAPPO-Lag,1.0,3,finished,s7a1ky7o,9.402091459794478,3.028409090909091,0.0,2000000.0,11
3s_vs_5z,MAPPO-Lag,0.0,1,finished,ysr3ws5y,7.651590954173695,3.033960299058394,0.0,2000000.0,11
3s_vs_5z,MAPPO-Lag,0.0,2,finished,jtm86wz6,8.073689504103227,3.033670035275546,0.0,2000000.0,11
3s_vs_5z,MAPPO-Lag,0.0,3,finished,hgnyu420,7.718850916082209,3.0,0.0,2000000.0,11
3s_vs_5z,MAPPO-Lag,1.0,1,finished,8r201c2t,7.926860505884344,3.0,0.0,2000000.0,11
3s_vs_5z,MAPPO-Lag,1.0,2,finished,yowx8maq,7.8202387202869765,3.027972026304765,0.0,2000000.0,11
3s_vs_5z,MAPPO-Lag,1.0,3,finished,pkmc958r,7.72967511957342,3.033670035275546,0.0,2000000.0,11
8m,MAPPO-Lag,0.0,1,finished,nfak5h0n,19.79152558066628,2.6220814098011362,0.9800000000000001,2000000.0,11
8m,MAPPO-Lag,0.0,2,finished,fd42nhlc,19.90349145369096,2.2611318718303335,0.9854545454545455,2000000.0,11
8m,MAPPO-Lag,0.0,3,finished,53xswed5,19.839322697032582,2.37977012720975,0.9772727272727273,2000000.0,11
8m,MAPPO-Lag,4.0,1,finished,v5w45dnm,19.900414380160246,2.1437955769625576,0.9899999999999999,2000000.0,11
8m,MAPPO-Lag,4.0,2,finished,t4hf2o40,19.82275529341264,2.7333737069910224,0.9754545454545455,2000000.0,11
8m,MAPPO-Lag,4.0,3,finished,4tecpy75,19.527049671519887,3.218115893277255,0.94,2000000.0,11
MMM,MAPPO-Lag,0.0,1,finished,25b0fv3d,12.286682388999246,10.084090926430441,0.0025974025974025974,2000000.0,11
MMM,MAPPO-Lag,0.0,2,finished,tpju70so,12.901698806069113,10.040986841375178,0.0101010101010101,2000000.0,11
MMM,MAPPO-Lag,0.0,3,finished,5k3uvu37,12.549236297607422,10.042993805625223,0.005194805194805195,2000000.0,11
MMM,MAPPO-Lag,4.0,1,finished,qqj06idw,12.42515806718306,10.10489507154985,0.0,2000000.0,11
MMM,MAPPO-Lag,4.0,2,finished,1e11g96s,13.590160456570713,9.551009438254617,0.10063167778138737,2000000.0,11
MMM,MAPPO-Lag,4.0,3,finished,se2a8prd,11.967402631586248,10.116883104497736,0.0,2000000.0,11
bane_vs_bane,MAPPO-Lag,0.0,1,crashed,itxv91n7,19.996253273703836,5.907951918515292,0.9927272727272727,2000000.0,11
bane_vs_bane,MAPPO-Lag,0.0,2,finished,dnhk9j00,19.979270935058594,6.336416547948664,0.9918181818181818,2000000.0,11
bane_vs_bane,MAPPO-Lag,0.0,3,finished,d2cltys4,19.971744884144176,6.576688029549339,0.9809090909090908,2000000.0,11
bane_vs_bane,MAPPO-Lag,4.0,1,finished,jkzu5slz,19.99977510625666,6.108161362734708,0.9954545454545454,2000000.0,11
bane_vs_bane,MAPPO-Lag,4.0,2,finished,mpeyszk4,19.979542645541105,7.428201068531383,0.9872727272727274,2000000.0,11
bane_vs_bane,MAPPO-Lag,4.0,3,finished,jukj0gtv,19.993316130204633,5.787084449421275,0.9963636363636365,2000000.0,11
