map,algorithm,cost_limit,score_mean,score_std,cost_mean,cost_std,winrate_mean,winrate_std,n_seeds
1c3s5z,MAPPO-Lag,0.0,19.958,0.013,1.041,0.038,0.999,0.001,3
1c3s5z,MAPPO-Lag,4.0,19.952,0.007,0.984,0.177,0.997,0.002,3
2m_vs_1z,MAPPO-Lag,0.0,20.0,0.0,0.0,0.0,1.0,0.0,3
2m_vs_1z,MAPPO-Lag,1.0,20.0,0.0,0.0,0.0,1.0,0.0,3
2s3z,MAPPO-Lag,0.0,18.754,1.911,2.088,2.543,0.656,0.568,3
2s3z,MAPPO-Lag,4.0,19.794,0.103,0.593,0.124,0.974,0.016,3
2s_vs_1sc,MAPPO-Lag,0.0,20.233,0.003,0.169,0.055,1.0,0.0,3
2s_vs_1sc,MAPPO-Lag,1.0,20.232,0.002,0.128,0.02,1.0,0.0,3
3m,MAPPO-Lag,0.0,19.964,0.042,0.079,0.1,0.997,0.004,3
3m,MAPPO-Lag,1.0,19.994,0.007,0.024,0.003,0.999,0.001,3
3s5z_vs_3s6z,MAPPO-Lag,0.0,11.752,1.034,8.091,0.012,0.0,0.0,3
3s5z_vs_3s6z,MAPPO-Lag,4.0,11.746,0.448,8.071,0.024,0.0,0.0,3
3s_vs_3z,MAPPO-Lag,0.0,19.81,0.077,0.12,0.062,0.983,0.009,3
3s_vs_3z,MAPPO-Lag,1.0,19.636,0.128,0.213,0.041,0.958,0.016,3
3s_vs_4z,MAPPO-Lag,0.0,9.359,0.391,3.026,0.01,0.0,0.0,3
3s_vs_4z,MAPPO-Lag,1.0,9.353,0.122,3.025,0.007,0.0,0.0,3
3s_vs_5z,MAPPO-Lag,0.0,7.815,0.227,3.023,0.02,0.0,0.0,3
3s_vs_5z,MAPPO-Lag,1.0,7.826,0.099,3.021,0.018,0.0,0.0,3
8m,MAPPO-Lag,0.0,19.845,0.056,2.421,0.184,0.981,0.004,3
8m,MAPPO-Lag,4.0,19.75,0.197,2.698,0.538,0.968,0.026,3
MMM,MAPPO-Lag,0.0,12.579,0.309,10.056,0.024,0.006,0.004,3
MMM,MAPPO-Lag,4.0,12.661,0.837,9.924,0.323,0.034,0.058,3
bane_vs_bane,MAPPO-Lag,0.0,19.982,0.013,6.274,0.339,0.988,0.007,3
bane_vs_bane,MAPPO-Lag,4.0,19.991,0.01,6.441,0.87,0.993,0.005,3
