env,cost_limit,laglr,seed,run_name,state,last_step,episode_length,eps_c,kl_div,tv_proxy,imag_cost_15step,real_cost_15step,observed_gap,delta_bound
Safety2x3HalfCheetahVelocity-v0,5.0,0.0001,1,safedreamer_dai_safety_gym_lag0.0001_5.0_Safety2x3HalfCheetahVelocity-v0_s1_date06-29-hr00-02-00_18505924_fix-tanh-logprob-cor,killed,4890000.0,1033.8337914992599,6.86129317356432e-06,0.11184826841205359,0.23648284125074867,-0.000412956798500279,0.00019376950661785405,0.000606726305118133,24.830801250726214
Safety2x3HalfCheetahVelocity-v0,5.0,0.0001,2,safedreamer_dai_safety_gym_lag0.0001_5.0_Safety2x3HalfCheetahVelocity-v0_s2_date06-29-hr00-02-12_18505925_fix-tanh-logprob-cor,killed,4769000.0,1028.9167026327148,0.0014775239911505196,0.09669182889908552,0.21987704393488366,0.08358283971490682,0.11523596096969205,0.03165312125478523,23.109252473030043
Safety2x3HalfCheetahVelocity-v0,5.0,0.0001,3,safedreamer_dai_safety_gym_lag0.0001_5.0_Safety2x3HalfCheetahVelocity-v0_s3_date06-29-hr09-47-23_18505926_fix-tanh-logprob-cor,killed,8808000.0,1310.9556415599882,0.0010936504436472206,0.08971858418732881,0.21180012297839773,0.030055055211629125,0.04617660710612699,0.016121551894497866,22.25541766938647
Safety2x3HalfCheetahVelocity-v0,5.0,1e-05,1,safedreamer_dai_safety_gym_lag1e-05_5.0_Safety2x3HalfCheetahVelocity-v0_s1_date06-26-hr11-59-49_18367101_fix-tanh-logprob-cor,killed,13351000.0,1722.3584053670495,0.0007310460712581061,0.06786637811362743,0.1842096334527967,0.007400404523060096,0.015218127710243242,0.007817723187183146,19.352977203612525
Safety2x3HalfCheetahVelocity-v0,5.0,1e-05,2,safedreamer_dai_safety_gym_lag1e-05_5.0_Safety2x3HalfCheetahVelocity-v0_s2_date06-28-hr15-39-55_18367102_fix-tanh-logprob-cor,killed,2013000.0,1000.0,0.0015198998949107897,0.1532382814349323,0.2768016270137626,0.04960038339833498,0.06426176053039338,0.014661377132058402,29.086969334868733
Safety2x3HalfCheetahVelocity-v0,5.0,1e-05,2,safedreamer_dai_safety_gym_lag1e-05_5.0_Safety2x3HalfCheetahVelocity-v0_s2_date07-26-hr17-29-29_19563313_fix-comm-m,crashed,38689000.0,4228.196721311476,0.0007108123038593703,0.0999728423729539,0.2235764325381299,0.04893158443187828,0.015413385076212267,0.033518199355666016,23.48618760106153
Safety2x3HalfCheetahVelocity-v0,5.0,1e-05,3,safedreamer_dai_safety_gym_lag1e-05_5.0_Safety2x3HalfCheetahVelocity-v0_s3_date06-28-hr15-40-06_18367104_fix-tanh-logprob-cor,killed,1941000.0,1000.0,0.0006050264145979499,0.07911166972641287,0.19888648738214076,-0.015070435541616392,0.0023804506684729273,0.01745088621008932,20.892156571343747
Safety2x3HalfCheetahVelocity-v0,5.0,1e-05,3,safedreamer_dai_safety_gym_lag1e-05_5.0_Safety2x3HalfCheetahVelocity-v0_s3_date07-27-hr02-02-56_19563314_fix-comm-m,crashed,39658000.0,4327.949361562807,0.0007936115309156264,0.10019856736063958,0.22382869271011657,0.043754549807173866,0.014162467151644867,0.029592082655528998,23.513916907525974
Safety2x3HalfCheetahVelocity-v0,25.0,0.0001,1,safedreamer_dai_safety_gym_lag0.0001_25.0_Safety2x3HalfCheetahVelocity-v0_s1_date07-01-hr07-14-41_18505933_fix-tanh-logprob-cor,killed,16480000.0,2021.4671246319922,0.0023986995383310193,0.06597500992566348,0.1816246265318438,0.11115862551304574,0.1627960055424874,0.05163738002944167,19.106566278918564
Safety2x3HalfCheetahVelocity-v0,25.0,0.0001,2,safedreamer_dai_safety_gym_lag0.0001_25.0_Safety2x3HalfCheetahVelocity-v0_s2_date07-01-hr07-14-32_18505934_fix-tanh-logprob-cor,killed,19328000.0,2295.913518650511,0.003713199297722895,0.07468809410184622,0.1932460790053012,0.15938282689602948,0.1299568035318177,0.029426023364211767,20.34653628502247
Safety2x3HalfCheetahVelocity-v0,25.0,0.0001,3,safedreamer_dai_safety_gym_lag0.0001_25.0_Safety2x3HalfCheetahVelocity-v0_s3_date07-01-hr07-14-44_18505935_fix-tanh-logprob-cor,killed,19366000.0,2299.06209189125,0.003371879101589002,0.10280800623446704,0.2267245092997965,0.20207069195748764,0.14009612532589474,0.0619745666315929,23.85665166300247
Safety2x3HalfCheetahVelocity-v0,25.0,1e-05,1,fix-logprob_dai_safety_gym_lag1e-05_25.0_Safety2x3HalfCheetahVelocity-v0_s1_date06-15-hr15-50-48_18174008_fix-tanh-logprob-cor,crashed,32977000.0,3652.636242800177,0.004187612937690119,0.09713160821795463,0.22037650534704764,0.09026547060347,0.0926587940332604,0.0023933234297904005,23.202347255505355
Safety2x3HalfCheetahVelocity-v0,25.0,1e-05,2,fix-logprob_dai_safety_gym_lag1e-05_25.0_Safety2x3HalfCheetahVelocity-v0_s2_date06-15-hr15-50-53_18174009_fix-tanh-logprob-cor,crashed,33741000.0,3727.3530711444982,0.003404069809226712,0.13434584951400758,0.25917740016637986,0.21954048492420516,0.08678038085155312,0.13276010407265204,27.264688064608286
Safety2x3HalfCheetahVelocity-v0,25.0,1e-05,3,fix-logprob_dai_safety_gym_lag1e-05_25.0_Safety2x3HalfCheetahVelocity-v0_s3_date06-15-hr15-50-53_18174010_fix-tanh-logprob-cor,crashed,32929000.0,3647.319450598139,0.003794018685512128,0.08128105648607016,0.20159496085724732,0.21519814531953455,0.09726377845136552,0.11793436686816902,21.22438117029365
Safety2x4AntVelocity-v0,0.2,0.0001,1,safedreamer_dai_safety_gym_lag0.0001_0.2_Safety2x4AntVelocity-v0_s1_date06-28-hr15-40-07_18505909_fix-tanh-logprob-cor,killed,1912651.0,967.3960546282245,0.00032541145326750166,0.30445032115797105,0.3901604292838851,-0.002189016487225993,0.012997197075251,0.015186213562476993,40.97172624660695
Safety2x4AntVelocity-v0,0.2,0.0001,2,safedreamer_dai_safety_gym_lag0.0001_0.2_Safety2x4AntVelocity-v0_s2_date06-28-hr15-40-07_18505912_fix-tanh-logprob-cor,killed,1983009.0,986.5482587064677,0.001490747157567419,0.34347820914907995,0.4144141703351129,0.028090908651133853,0.046224676877295694,0.01813376822616184,43.535849092550365
Safety2x4AntVelocity-v0,0.2,0.0001,3,safedreamer_dai_safety_gym_lag0.0001_0.2_Safety2x4AntVelocity-v0_s3_date06-28-hr15-40-12_18505915_fix-tanh-logprob-cor,killed,1380362.0,625.1571557971015,0.0007830616283213306,0.3906351717791163,0.44194749223132623,0.009058178364350055,0.010378516021731414,0.001320337657381359,46.416232608714076
Safety2x4AntVelocity-v0,0.2,1e-05,1,safedreamer_dai_safety_gym_lag1e-05_0.2_Safety2x4AntVelocity-v0_s1_date06-24-hr13-34-23_18367088_fix-tanh-logprob-cor,killed,8272732.0,1181.1404911479156,0.00035687552635657485,0.3150987297296524,0.39692488567086115,0.0019806060411687526,0.010574288983864573,0.008593682942695819,41.68246612833577
Safety2x4AntVelocity-v0,0.2,1e-05,2,safedreamer_dai_safety_gym_lag1e-05_0.2_Safety2x4AntVelocity-v0_s2_date06-26-hr11-57-47_18367089_fix-tanh-logprob-cor,killed,11757356.0,1554.7917217667284,0.0003141017606755554,0.28818701806664465,0.37959650819432245,0.003926815944675302,0.008001594103069193,0.004074778158393891,39.86234488681399
Safety2x4AntVelocity-v0,0.2,1e-05,3,safedreamer_dai_safety_gym_lag1e-05_0.2_Safety2x4AntVelocity-v0_s3_date06-26-hr11-57-47_18367091_fix-tanh-logprob-cor,killed,11208478.0,1467.8432425353587,0.00047205036958030176,0.28536118561029433,0.377730847039459,0.004855229667225392,0.015654545050880594,0.010799315383655202,39.668819694686896
Safety2x4AntVelocity-v0,25.0,0.0001,1,safedreamer_dai_safety_gym_lag0.0001_25.0_Safety2x4AntVelocity-v0_s1_date06-29-hr18-45-23_18505927_fix-tanh-logprob-cor,killed,6878104.0,1025.508125838676,0.004865760294604115,0.28674070253968237,0.37864277527749185,0.3222812658024421,0.33668116181021057,0.014399896007768476,39.830477808555706
Safety2x4AntVelocity-v0,25.0,0.0001,2,safedreamer_dai_safety_gym_lag0.0001_25.0_Safety2x4AntVelocity-v0_s2_date06-29-hr18-45-23_18505928_fix-tanh-logprob-cor,killed,6595597.0,990.6206067888255,0.005280496315914206,0.3022133247554302,0.3887244041447811,0.2166940446061313,0.3884668737653939,0.17177282915926262,40.89526987994073
Safety2x4AntVelocity-v0,25.0,0.0001,3,safedreamer_dai_safety_gym_lag0.0001_25.0_Safety2x4AntVelocity-v0_s3_date06-29-hr18-45-29_18505929_fix-tanh-logprob-cor,killed,5184960.0,775.3615971287572,0.005482208422617987,0.293428388774395,0.38303288943274505,0.35594245536874985,0.4806104780001302,0.12466802263138033,40.300686516777496
Safety2x4AntVelocity-v0,25.0,1e-05,1,safedreamer_dai_safety_gym_lag1e-05_25.0_Safety2x4AntVelocity-v0_s1_date06-24-hr11-46-06_18362835_fix-tanh-logprob-cor,killed,10030466.0,1316.3304461942257,0.0066325065916025775,0.28996826538443565,0.38076781992733816,0.46589381369604094,0.2637811891899383,0.20211262450610262,40.08010869124455
Safety2x4AntVelocity-v0,25.0,1e-05,2,safedreamer_dai_safety_gym_lag1e-05_25.0_Safety2x4AntVelocity-v0_s2_date06-24-hr11-46-06_18362836_fix-tanh-logprob-cor,killed,12311322.0,1620.5458733710675,0.003975663234101375,0.3494380202889442,0.4179940312306769,0.19359938346554736,0.1999714253586978,0.0063720418931504375,43.9490082277326
Safety2x4AntVelocity-v0,25.0,1e-05,3,safedreamer_dai_safety_gym_lag1e-05_25.0_Safety2x4AntVelocity-v0_s3_date06-24-hr11-46-17_18362838_fix-tanh-logprob-cor,killed,8075380.0,1157.0932798395186,0.006150911199394614,0.26931328196823595,0.36695591149907636,0.521564537720932,0.2963769792334316,0.22518755848750044,38.622634375393936
Safety4x2AntVelocity-v0,1.0,0.0001,1,safedreamer_dai_safety_gym_lag0.0001_1.0_Safety4x2AntVelocity-v0_s1_date06-29-hr00-01-58_18505918_fix-tanh-logprob-cor,killed,3340093.0,818.4418034795393,0.0004689393227413348,0.2775387565791607,0.3725176214484093,0.008726558299806335,0.01701513810684908,0.008288579807042746,39.12138434192409
Safety4x2AntVelocity-v0,1.0,0.0001,2,safedreamer_dai_safety_gym_lag0.0001_1.0_Safety4x2AntVelocity-v0_s2_date06-29-hr00-02-00_18505920_fix-tanh-logprob-cor,killed,4581254.0,1016.6981802041722,0.0006460128669432379,0.23774831484258174,0.34478131826027186,0.008323077037789369,0.03491949496598801,0.02659641792819864,36.21172861033269
Safety4x2AntVelocity-v0,1.0,0.0001,3,safedreamer_dai_safety_gym_lag0.0001_1.0_Safety4x2AntVelocity-v0_s3_date06-29-hr00-01-59_18505923_fix-tanh-logprob-cor,killed,3997732.0,983.6825787401575,0.00031047404543437554,0.23128929276764393,0.3400656501086547,0.004021130049025146,0.004428284896127424,0.00040715484710227793,35.71155037209026
Safety4x2AntVelocity-v0,1.0,1e-05,1,safedreamer_dai_safety_gym_lag1e-05_1.0_Safety4x2AntVelocity-v0_s1_date06-26-hr11-57-47_18367092_fix-tanh-logprob-cor,killed,7962865.0,1039.1238418374005,0.00030695416932917396,0.19377435375750066,0.31126705074381117,0.008459531587021929,0.008120765663704918,0.00033876592331701094,32.68764464064011
Safety4x2AntVelocity-v0,1.0,1e-05,2,safedreamer_dai_safety_gym_lag1e-05_1.0_Safety4x2AntVelocity-v0_s2_date06-26-hr11-57-47_18367096_fix-tanh-logprob-cor,killed,10451255.0,1419.2327539380772,0.0005548021573208643,0.2734379035383463,0.3697552592853456,0.00819094453746707,0.02121952301173334,0.013028578474266271,38.8326242573211
Safety4x2AntVelocity-v0,1.0,1e-05,3,safedreamer_dai_safety_gym_lag1e-05_1.0_Safety4x2AntVelocity-v0_s3_date06-26-hr11-57-52_18367097_fix-tanh-logprob-cor,killed,9673273.0,1256.9165800415801,0.0003700167002659782,0.26075367076694966,0.3610773260445397,0.0023844748967688486,0.007314857840257936,0.004930382943489088,37.91866948518065
Safety4x2AntVelocity-v0,25.0,0.0001,1,safedreamer_dai_safety_gym_lag0.0001_25.0_Safety4x2AntVelocity-v0_s1_date06-29-hr18-45-29_18505930_fix-tanh-logprob-cor,killed,7195580.0,1126.7710616974632,0.003007470045580703,0.27036084964871404,0.36766890652373235,0.18177496693085743,0.29638863275594224,0.11461366582508481,38.65034723567561
Safety4x2AntVelocity-v0,25.0,0.0001,2,safedreamer_dai_safety_gym_lag0.0001_25.0_Safety4x2AntVelocity-v0_s2_date06-29-hr18-45-30_18505931_fix-tanh-logprob-cor,killed,7885930.0,1234.2933166379714,0.003465630773222074,0.24399237455427647,0.34927952599191703,0.3173444311719778,0.2867601024752304,0.030584328696747376,36.72633469074962
Safety4x2AntVelocity-v0,25.0,0.0001,3,safedreamer_dai_safety_gym_lag0.0001_25.0_Safety4x2AntVelocity-v0_s3_date07-01-hr07-14-18_18505932_fix-tanh-logprob-cor,killed,15798696.0,1896.367422878406,0.0036474950292613357,0.255174724444747,0.3571937320591915,0.25326328088175376,0.1679638529739638,0.08529942790778997,37.56005429165403
Safety4x2AntVelocity-v0,25.0,1e-05,1,safedreamer_dai_safety_gym_lag1e-05_25.0_Safety4x2AntVelocity-v0_s1_date06-24-hr11-46-21_18362839_fix-tanh-logprob-cor,killed,5654442.0,938.9561607439389,0.004645666434022132,0.2669324085265398,0.36533026737907975,0.3242800516854564,0.35665767711557483,0.032377625430118406,38.42936307131371
Safety4x2AntVelocity-v0,25.0,1e-05,2,safedreamer_dai_safety_gym_lag1e-05_25.0_Safety4x2AntVelocity-v0_s2_date06-24-hr11-46-21_18362840_fix-tanh-logprob-cor,crashed,921335.0,979.0765143464399,7.62403573779164e-07,0.3203813290844361,0.40023825971815596,0.00012034859007037132,0.0,0.00012034859007037132,42.02502870645998
Safety4x2AntVelocity-v0,25.0,1e-05,3,safedreamer_dai_safety_gym_lag1e-05_25.0_Safety4x2AntVelocity-v0_s3_date06-24-hr11-46-21_18362841_fix-tanh-logprob-cor,killed,4868300.0,754.4080272741361,0.004195345187792555,0.26991287790238855,0.36736417755572504,0.302345693793556,0.2285977374713653,0.07374795632219072,38.63616882116802
