env,cost_limit,laglr,eps_c_mean,eps_c_std,kl_div_mean,kl_div_std,tv_proxy_mean,tv_proxy_std,imag_cost_15step_mean,imag_cost_15step_std,real_cost_15step_mean,real_cost_15step_std,observed_gap_mean,observed_gap_std,delta_bound_mean,delta_bound_std,n_seeds
1c3s5z,0.0,1e-05,0.015628114134997775,0.0012866223385311233,0.27150320845220727,0.00608729375529908,0.36842931986505995,0.0041425517268247536,0.9852310329066345,0.05924597713574733,0.6714067946318378,0.10997409590422408,0.3138242382747966,0.16685643043907844,38.91950029785627,0.4429010642216978,3
2m_vs_1z,0.0,1e-05,0.0007633343220846883,0.0005847369158905985,0.042386819396167986,0.0012770520631316376,0.14556845460773266,0.0022027441523489143,0.5441087701961449,0.46747454953202777,0.36576203915944855,0.2773878152360337,0.19126460882696436,0.18312738436787168,15.296137748643199,0.22283784915508703,3
2s3z,0.0,1e-05,0.009946849689475146,0.0001343716930150125,0.15384892521267812,0.0021211666446222075,0.2773481964489342,0.0019133215343150622,0.5705672384834868,0.024358850868348405,0.3744279666536248,0.09117095710514823,0.19613927182986193,0.11508016955899684,29.270763372480218,0.19899546016618191,3
2s_vs_1sc,0.0,1e-05,0.000908315435944013,8.873548057331073e-05,0.04706154512375572,0.005261255366699132,0.1532319023556947,0.008725536860219468,0.06946050399740118,0.017614355385726675,0.0482122988338717,0.008452593830549996,0.02500656450065712,0.017000423040387867,16.102974478887106,0.9153940211573106,3
3m,0.0,1e-05,0.002051184647968815,0.0003161202126826425,0.05774788745865226,0.0028686180159215907,0.16988820135242366,0.004232511765692332,0.09433102917552627,0.013786330714649587,0.11962866106842888,0.03175070516203665,0.04005842006364457,0.019353991851188343,17.86902891172402,0.4443182354404079,3
3s_vs_3z,0.0,1e-05,0.0016362450139270587,0.00022096420067206586,0.12458824538081632,0.011012964213492394,0.24942788961903317,0.010944215636825717,0.06591468829861602,0.008214311356856963,0.09201196315579256,0.02388141710321113,0.027917761098395315,0.02400608515799859,26.21447208520739,1.1468707771749784,3
3s_vs_4z,0.0,1e-05,0.0004582780244632735,4.004352846298604e-05,0.10326914956669013,0.008925039440016316,0.22709372823854224,0.00972214313288407,0.022160539333896247,0.006847150597127744,0.09540445493833594,0.0968317640526767,0.0732439156044397,0.10002109896135275,23.851715635413886,1.0204710120585958,3
3s_vs_5z,0.0,1e-05,0.0007457880136429368,0.0005523521810874713,0.11287153237188856,0.01669725670372782,0.23702530563189084,0.017484988168815593,0.19582969300597278,0.4039106484361229,0.08964788802202238,0.05072954017419641,0.18354640347944287,0.332652342348243,24.898843911553183,1.838673881027087,6
8m,0.0,1e-05,0.006961162199731916,0.0004300859421918905,0.13159215385218462,0.005332815863924632,0.2564726611651111,0.0051746015757390545,0.33806028035168767,0.06715224613941843,0.29772342066079704,0.07245724977985891,0.08464491424724856,0.020407449895686106,27.034046855332644,0.541987812767245,3
MMM,0.0,1e-05,0.015464501609288465,0.00515047261494259,0.1617726103340586,0.01984421848417753,0.2839401293802725,0.01780925920559511,1.3159379184261235,1.3392855829006725,0.8564479347474935,0.6222842625614307,0.5159657166264194,0.7063653600871915,30.045681109067942,1.8104561882524504,6
