step,beta,cost
24.0,,0.0
46.0,,0.0
267.0,,5.0
394.0,,1.0
410.0,,0.0
468.0,,11.0
530.7,0.0,
564.14,0.0,
626.8399999999999,0.0,
668.64,0.0,
677.0,,0.0
720.8260869565217,0.0,
752.1304347826087,0.0,
780.304347826087,0.0,
814.7391304347826,0.0,
821.0,,5.0
860.304347826087,0.0,
877.5,0.0,
899.6086956521739,0.0,
929.0869565217391,0.0,
934.0,,0.0
996.75,0.0,
1040.675,0.0,
1090.875,0.0,
1172.45,0.0,
1185.0,,10.0
1201.5,0.0,
1226.25,0.0,
1251.0,0.0,
1278.5,0.0,
1284.0,,1.0
1311.0222222222221,0.0,
1327.911111111111,0.0,
1341.4222222222222,0.0,
1356.6222222222223,0.0,
1360.0,,5.0
1382.8837209302326,0.0,
1401.953488372093,0.0,
1422.9302325581396,0.0,
1438.1860465116279,0.0,
1442.0,,0.0
1485.6666666666667,0.0,
1512.5384615384614,0.0,
1542.7692307692307,0.0,
1566.2820512820513,0.0,
1573.0,,0.0
1576.076923076923,0.0,
1579.1538461538462,0.0,
1583.0,0.0,
1587.2307692307693,0.0,
1588.0,,0.0
1617.6521739130435,0.0,
1629.7826086956522,0.0,
1637.8695652173913,0.0,
1647.304347826087,0.0,
1650.0,,0.0
1676.6792452830189,0.0,
1699.5471698113208,0.0,
1724.3207547169811,0.0,
1747.188679245283,0.0,
1751.0,,0.0
1772.5,0.0,
1797.5833333333333,0.0,
1810.125,0.0,
1833.4166666666667,0.0,
1837.0,,0.0
1874.6216216216217,0.0,
1912.2432432432433,0.0,
1959.2702702702702,0.0,
2001.5945945945946,0.0,
2011.0,,0.0
2087.595744680851,0.0,
2164.191489361702,0.0,
2228.021276595745,0.0,
2298.2340425531916,0.0,
2311.0,,0.0
2565.8,0.0,
2703.0,0.0,
2899.0,0.0,
3055.8,0.0,
3095.0,,1.0
3358.157894736842,0.0,
3700.2631578947367,0.0,
3910.7894736842104,0.0,
4042.3684210526317,0.0,
4095.0,,0.0
4170.3,0.0,
4230.54,0.0,
4285.76,0.0,
4335.96,0.0,
4346.0,,0.0
4602.410256410257,0.0,
4781.897435897436,0.0,
5038.307692307692,0.0,
5294.717948717949,0.0,
5346.0,,0.0
5413.65306122449,0.0,
5460.489795918367,0.0,
5522.938775510204,0.0,
5590.591836734694,0.0,
5601.0,,0.0
5652.2,0.0,
5682.066666666667,0.0,
5733.266666666666,0.0,
5784.466666666666,0.0,
5793.0,,0.0
6047.545454545455,0.0,
6356.636363636364,0.0,
6593.0,0.0,
6756.636363636364,0.0,
6793.0,,0.0
7017.489795918367,0.0,
7262.3877551020405,0.0,
7527.693877551021,0.0,
7752.183673469388,0.0,
7793.0,,0.0
8051.620689655172,0.0,
8310.241379310344,0.0,
8534.379310344828,0.0,
8758.51724137931,0.0,
8793.0,,0.0
9048.813953488372,0.0,
9327.883720930233,0.0,
9537.186046511628,0.0,
9746.488372093023,0.0,
9793.0,,0.0
10162.565217391304,0.0,
10293.0,0.0,
10532.130434782608,0.0,
10749.521739130434,0.0,
10793.0,,0.0
10997.081632653062,0.0,
11180.755102040815,0.0,
11466.469387755102,0.0,
11752.183673469388,0.0,
11793.0,,0.0
12023.76923076923,0.0,
12280.179487179486,0.0,
12536.589743589744,0.0,
12741.71794871795,0.0,
12793.0,,0.0
13107.285714285714,0.0,
13335.857142857143,0.0,
13564.42857142857,0.0,
13735.857142857143,0.0,
13793.0,,0.0
14134.463414634147,0.0,
14378.365853658537,0.0,
14524.707317073171,0.0,
14744.219512195123,0.0,
14793.0,,0.0
15031.095238095239,0.0,
15221.57142857143,0.0,
15364.42857142857,0.0,
15745.380952380952,0.0,
15793.0,,0.0
16139.938775510203,0.0,
16405.244897959183,0.0,
16568.51020408163,0.0,
16752.183673469386,0.0,
16793.0,,0.0
17085.682926829268,0.0,
17232.024390243903,0.0,
17573.48780487805,0.0,
17744.219512195123,0.0,
17793.0,,0.0
18031.095238095237,0.0,
18221.571428571428,0.0,
18435.85714285714,0.0,
18745.380952380954,0.0,
18793.0,,0.0
19104.11111111111,0.0,
19281.88888888889,0.0,
19504.11111111111,0.0,
19748.555555555555,0.0,
19793.0,,0.0
20043.0,0.0,
20338.454545454544,0.0,
20497.545454545456,0.0,
20747.545454545456,0.0,
20793.0,,0.0
20935.85714285714,0.0,
21221.571428571428,0.0,
21412.04761904762,0.0,
21745.380952380954,0.0,
21793.0,,0.0
21988.121951219513,0.0,
22305.19512195122,0.0,
22500.317073170732,0.0,
22744.219512195123,0.0,
22793.0,,0.0
23185.85714285714,0.0,
23400.14285714286,0.0,
23525.14285714286,0.0,
23757.285714285714,0.0,
23793.0,,0.0
24108.78947368421,0.0,
24319.315789473683,0.0,
24477.21052631579,0.0,
24740.36842105263,0.0,
24793.0,,0.0
25111.18181818182,0.0,
25361.18181818182,0.0,
25520.272727272728,0.0,
25747.545454545456,0.0,
25793.0,,0.0
26135.105263157893,0.0,
26293.0,0.0,
26529.842105263157,0.0,
26740.36842105263,0.0,
26793.0,,0.0
27018.0,0.0,
27343.0,0.0,
27568.0,0.0,
27743.0,0.0,
27793.0,,0.0
28063.27027027027,0.0,
28306.513513513513,0.0,
28549.756756756757,0.0,
28738.945945945947,0.0,
28793.0,,0.0
29084.666666666668,0.0,
29209.666666666668,0.0,
29459.666666666668,0.0,
29751.333333333332,0.0,
29793.0,,0.0
30031.095238095237,0.0,
30269.190476190477,0.0,
30435.85714285714,0.0,
30745.380952380954,0.0,
30793.0,,0.0
30913.444444444445,0.0,
31033.88888888889,0.0,
31190.466666666667,0.0,
31310.911111111112,0.0,
31335.0,,0.0
31620.714285714286,0.0,
31845.20408163265,0.0,
32049.285714285714,0.0,
32294.183673469386,0.0,
32335.0,,0.0
32565.76923076923,0.0,
32822.179487179485,0.0,
33052.94871794872,0.0,
33283.717948717946,0.0,
33335.0,,0.0
33690.555555555555,0.0,
33890.555555555555,0.0,
34112.77777777778,0.0,
34290.555555555555,0.0,
34335.0,,0.0
34620.71428571428,0.0,
34865.61224489796,0.0,
35049.28571428572,0.0,
35294.183673469386,0.0,
35335.0,,0.0
35598.15789473684,0.0,
35808.68421052631,0.0,
36071.84210526316,0.0,
36282.36842105263,0.0,
36335.0,,0.0
36477.857142857145,0.0,
36715.95238095238,0.0,
36954.04761904762,0.0,
37287.380952380954,0.0,
37335.0,,0.0
37535.0,0.0,
37810.0,0.0,
38060.0,0.0,
38285.0,0.0,
38335.0,,0.0
38530.12195121951,0.0,
38774.0243902439,0.0,
39042.31707317073,0.0,
39286.21951219512,0.0,
39335.0,,0.0
39559.489795918365,0.0,
39763.57142857143,0.0,
39988.06122448979,0.0,
40294.183673469386,0.0,
40335.0,,0.0
40630.454545454544,0.0,
40857.72727272727,0.0,
41039.545454545456,0.0,
41289.545454545456,0.0,
41335.0,,0.0
41535.0,0.0,
41801.666666666664,0.0,
42068.333333333336,0.0,
42268.333333333336,0.0,
42335.0,,0.0
42647.5,0.0,
42835.0,0.0,
43085.0,0.0,
43293.333333333336,0.0,
43335.0,,0.0
43652.07317073171,0.0,
43920.365853658535,0.0,
44091.09756097561,0.0,
44286.21951219512,0.0,
44335.0,,0.0
44565.769230769234,0.0,
44770.89743589744,0.0,
45001.666666666664,0.0,
45283.717948717946,0.0,
45335.0,,0.0
45692.142857142855,0.0,
45882.619047619046,0.0,
46001.666666666664,0.0,
46287.380952380954,0.0,
46335.0,,0.0
46570.294117647056,0.0,
46923.23529411765,0.0,
47138.921568627455,0.0,
47295.78431372549,0.0,
47335.0,,0.0
47644.52380952381,0.0,
47787.380952380954,0.0,
48025.47619047619,0.0,
48287.380952380954,0.0,
48335.0,,0.0
48626.666666666664,0.0,
48772.5,0.0,
49064.166666666664,0.0,
49293.333333333336,0.0,
49335.0,,0.0
49624.47368421053,0.0,
49808.68421052631,0.0,
49966.57894736842,0.0,
50282.36842105263,0.0,
50335.0,,0.0
50654.14893617021,0.0,
50824.36170212766,0.0,
51143.51063829787,0.0,
51292.44680851064,0.0,
51335.0,,0.0
51492.89473684211,0.0,
51756.05263157895,0.0,
51992.89473684211,0.0,
52282.36842105263,0.0,
52335.0,,0.0
52512.77777777778,0.0,
52801.666666666664,0.0,
53068.333333333336,0.0,
53290.555555555555,0.0,
53335.0,,0.0
53675.90909090909,0.0,
53880.454545454544,0.0,
54153.181818181816,0.0,
54289.545454545456,0.0,
54335.0,,0.0
54668.333333333336,0.0,
54814.166666666664,0.0,
55085.0,0.0,
55293.333333333336,0.0,
55335.0,,0.0
55675.0,0.0,
55815.0,0.0,
56075.0,0.0,
56295.0,0.0,
56335.0,,0.0
56681.93877551021,0.0,
56824.795918367345,0.0,
57049.28571428572,0.0,
57294.183673469386,0.0,
57335.0,,0.0
57668.333333333336,0.0,
57899.10256410256,0.0,
58129.8717948718,0.0,
58283.717948717946,0.0,
58335.0,,0.0
58601.666666666664,0.0,
58846.11111111111,0.0,
59023.88888888889,0.0,
59290.555555555555,0.0,
59335.0,,0.0
59585.0,0.0,
59862.77777777778,0.0,
60057.22222222222,0.0,
60279.444444444445,0.0,
60335.0,,0.0
60474.53488372093,0.0,
60776.86046511628,0.0,
61032.67441860465,0.0,
61288.48837209302,0.0,
61335.0,,0.0
61539.545454545456,0.0,
61925.90909090909,0.0,
62130.454545454544,0.0,
62289.545454545456,0.0,
62335.0,,0.0
62627.68292682927,0.0,
62920.365853658535,0.0,
63164.26829268293,0.0,
63286.21951219512,0.0,
63335.0,,0.0
63604.230769230766,0.0,
63815.769230769234,0.0,
64065.769230769234,0.0,
64296.53846153846,0.0,
64335.0,,0.0
64603.29268292683,0.0,
64847.19512195122,0.0,
65115.48780487805,0.0,
65286.21951219512,0.0,
65335.0,,0.0
65585.0,0.0,
65812.27272727272,0.0,
66085.0,0.0,
66289.54545454546,0.0,
66335.0,,0.0
66618.01886792453,0.0,
66901.03773584905,0.0,
67127.45283018867,0.0,
67297.2641509434,0.0,
67335.0,,0.0
67635.0,0.0,
67875.0,0.0,
68135.0,0.0,
68295.0,0.0,
68335.0,,0.0
68569.0425531915,0.0,
68888.1914893617,0.0,
69100.9574468085,0.0,
69292.44680851063,0.0,
69335.0,,0.0
69540.88235294117,0.0,
69893.82352941176,0.0,
70099.70588235294,0.0,
70276.17647058824,0.0,
70335.0,,0.0
70564.16666666667,0.0,
70793.33333333333,0.0,
71064.16666666667,0.0,
71293.33333333333,0.0,
71335.0,,0.0
71740.4054054054,0.0,
71929.5945945946,0.0,
72064.72972972973,0.0,
72280.94594594595,0.0,
72335.0,,0.0
72655.0,0.0,
72895.0,0.0,
73115.0,0.0,
73295.0,0.0,
73335.0,,0.0
73596.90476190476,0.0,
73835.0,0.0,
74025.47619047618,0.0,
74287.38095238095,0.0,
74335.0,,0.0
74668.33333333333,0.0,
74858.80952380953,0.0,
75025.47619047618,0.0,
75287.38095238095,0.0,
75335.0,,0.0
75637.32558139534,0.0,
75846.62790697675,0.0,
76032.67441860466,0.0,
76288.48837209302,0.0,
76335.0,,0.0
76635.0,0.0,
76818.33333333333,0.0,
77051.66666666667,0.0,
77301.66666666667,0.0,
77335.0,,0.0
77618.01886792453,0.0,
77750.09433962264,0.0,
78051.98113207547,0.0,
78297.2641509434,0.0,
78335.0,,0.0
78620.71428571429,0.0,
78835.0,0.0,
79025.47619047618,0.0,
79287.38095238095,0.0,
79335.0,,0.0
79615.0,0.0,
79895.0,0.0,
80135.0,0.0,
80295.0,0.0,
80335.0,,0.0
80674.62264150943,0.0,
80882.16981132075,0.0,
81033.11320754717,0.0,
81297.2641509434,0.0,
81335.0,,0.0
81585.0,0.0,
81885.0,0.0,
82110.0,0.0,
82285.0,0.0,
82335.0,,0.0
82675.4255319149,0.0,
82845.63829787234,0.0,
83100.9574468085,0.0,
83292.44680851063,0.0,
83335.0,,0.0
83652.0731707317,0.0,
83871.58536585367,0.0,
84091.09756097561,0.0,
84286.21951219512,0.0,
84335.0,,0.0
84661.08695652174,0.0,
84921.95652173914,0.0,
85117.60869565218,0.0,
85291.52173913043,0.0,
85335.0,,0.0
85635.0,0.0,
85901.66666666667,0.0,
86068.33333333333,0.0,
86301.66666666667,0.0,
86335.0,,0.0
86661.08695652174,0.0,
86965.43478260869,0.0,
87095.86956521739,0.0,
87291.52173913043,0.0,
87335.0,,0.0
87677.1052631579,0.0,
87861.31578947368,0.0,
88045.52631578948,0.0,
88282.36842105263,0.0,
88335.0,,0.0
88535.0,0.0,
88810.0,0.0,
89060.0,0.0,
89285.0,0.0,
89335.0,,0.0
89668.33333333333,0.0,
89882.61904761905,0.0,
90120.71428571429,0.0,
90287.38095238095,0.0,
90335.0,,0.0
90525.47619047618,0.0,
90739.76190476191,0.0,
91001.66666666667,0.0,
91287.38095238095,0.0,
91335.0,,0.0
91564.16666666667,0.0,
91814.16666666667,0.0,
92064.16666666667,0.0,
92293.33333333333,0.0,
92335.0,,0.0
92675.4255319149,0.0,
92930.74468085106,0.0,
93122.23404255319,0.0,
93292.44680851063,0.0,
93335.0,,0.0
93614.06976744186,0.0,
93800.11627906977,0.0,
94009.41860465116,0.0,
94288.48837209302,0.0,
94335.0,,0.0
94607.72727272728,0.0,
94789.54545454546,0.0,
95039.54545454546,0.0,
95289.54545454546,0.0,
95335.0,,0.0
95596.90476190476,0.0,
95882.61904761905,0.0,
96120.71428571429,0.0,
96287.38095238095,0.0,
96335.0,,0.0
96681.9387755102,0.0,
96865.61224489796,0.0,
97090.10204081633,0.0,
97294.1836734694,0.0,
97335.0,,0.0
97607.72727272728,0.0,
97812.27272727272,0.0,
98039.54545454546,0.0,
98289.54545454546,0.0,
98335.0,,0.0
98565.76923076923,0.0,
98777.30769230769,0.0,
99046.53846153847,0.0,
99296.53846153847,0.0,
99335.0,,0.0
99721.36363636363,0.0,
99948.63636363637,0.0,
100085.0,0.0,
100289.54545454546,0.0,
100335.0,,0.0
100562.27272727272,0.0,
100766.81818181818,0.0,
100925.90909090909,0.0,
101289.54545454546,0.0,
101335.0,,0.0
101676.46341463414,0.0,
101920.36585365854,0.0,
102017.9268292683,0.0,
102286.21951219512,0.0,
102335.0,,0.0
102569.0425531915,0.0,
102781.8085106383,0.0,
103015.85106382979,0.0,
103292.44680851063,0.0,
103335.0,,0.0
103615.0,0.0,
103795.0,0.0,
104055.0,0.0,
104295.0,0.0,
104335.0,,0.0
104637.32558139534,0.0,
104823.37209302325,0.0,
105055.93023255814,0.0,
105288.48837209302,0.0,
105335.0,,0.0
105562.27272727272,0.0,
105744.09090909091,0.0,
105994.09090909091,0.0,
106289.54545454546,0.0,
106335.0,,0.0
106692.14285714286,0.0,
106858.80952380953,0.0,
107073.09523809524,0.0,
107287.38095238095,0.0,
107335.0,,0.0
107574.13043478261,0.0,
107856.73913043478,0.0,
108052.39130434782,0.0,
108291.52173913043,0.0,
108335.0,,0.0
108652.0731707317,0.0,
108847.19512195123,0.0,
109091.09756097561,0.0,
109286.21951219512,0.0,
109335.0,,0.0
109585.0,0.0,
109855.83333333333,0.0,
110105.83333333333,0.0,
110293.33333333333,0.0,
110335.0,,0.0
110657.58064516129,0.0,
110947.90322580645,0.0,
111141.45161290323,0.0,
111270.48387096774,0.0,
111335.0,,0.0
111620.71428571429,0.0,
111787.38095238095,0.0,
112073.09523809524,0.0,
112287.38095238095,0.0,
112335.0,,0.0
112560.80645161291,0.0,
112818.87096774194,0.0,
112980.16129032258,0.0,
113270.48387096774,0.0,
113335.0,,0.0
113604.23076923077,0.0,
113892.69230769231,0.0,
114104.23076923077,0.0,
114296.53846153847,0.0,
114335.0,,0.0
114682.82608695653,0.0,
114943.69565217392,0.0,
115095.86956521739,0.0,
115291.52173913043,0.0,
115335.0,,0.0
115626.66666666667,0.0,
115835.0,0.0,
116105.83333333333,0.0,
116293.33333333333,0.0,
116335.0,,0.0
116521.04651162791,0.0,
116730.3488372093,0.0,
116986.16279069768,0.0,
117288.48837209302,0.0,
117335.0,,0.0
117605.27027027027,0.0,
117821.48648648648,0.0,
118091.75675675676,0.0,
118280.94594594595,0.0,
118335.0,,0.0
118562.27272727272,0.0,
118835.0,0.0,
119016.81818181818,0.0,
119289.54545454546,0.0,
119335.0,,0.0
119570.29411764706,0.0,
119835.0,0.0,
120040.88235294117,0.0,
120276.17647058824,0.0,
120335.0,,0.0
120595.86956521739,0.0,
120769.78260869565,0.0,
121074.13043478261,0.0,
121291.52173913043,0.0,
121335.0,,0.0
121562.27272727272,0.0,
121835.0,0.0,
122062.27272727272,0.0,
122289.54545454546,0.0,
122335.0,,0.0
122641.12244897959,0.0,
122886.02040816327,0.0,
123110.51020408163,0.0,
123294.1836734694,0.0,
123335.0,,0.0
123540.1282051282,0.0,
123770.89743589744,0.0,
124027.30769230769,0.0,
124283.71794871795,0.0,
124335.0,,0.0
124535.0,0.0,
124735.0,0.0,
124957.22222222222,0.0,
125290.55555555556,0.0,
125335.0,,0.0
125590.31914893616,0.0,
125866.91489361702,0.0,
126058.40425531915,0.0,
126292.44680851063,0.0,
126335.0,,0.0
126612.77777777778,0.0,
126862.77777777778,0.0,
127085.0,0.0,
127279.44444444444,0.0,
127335.0,,0.0
127578.24324324324,0.0,
127902.56756756757,0.0,
128145.81081081081,0.0,
128280.94594594595,0.0,
128335.0,,0.0
128652.0731707317,0.0,
128895.9756097561,0.0,
129091.09756097561,0.0,
129286.21951219512,0.0,
129335.0,,0.0
129590.31914893616,0.0,
129803.08510638298,0.0,
130037.12765957447,0.0,
130292.44680851063,0.0,
130335.0,,0.0
130565.76923076923,0.0,
130899.10256410256,0.0,
131078.58974358975,0.0,
131283.71794871794,0.0,
131335.0,,0.0
131589.9019607843,0.0,
131884.01960784313,0.0,
132119.3137254902,0.0,
132295.78431372548,0.0,
132335.0,,0.0
132661.5306122449,0.0,
132824.79591836734,0.0,
133049.2857142857,0.0,
133294.18367346938,0.0,
133335.0,,0.0
133637.32558139536,0.0,
133823.37209302327,0.0,
134009.41860465117,0.0,
134288.48837209304,0.0,
134335.0,,0.0
134514.4871794872,0.0,
134770.89743589744,0.0,
135052.94871794872,0.0,
135283.71794871794,0.0,
135335.0,,0.0
135647.5,0.0,
135814.16666666666,0.0,
136022.5,0.0,
136293.33333333334,0.0,
136335.0,,0.0
136562.27272727274,0.0,
136812.27272727274,0.0,
137085.0,0.0,
137289.54545454544,0.0,
137335.0,,0.0
137610.0,0.0,
137835.0,0.0,
138085.0,0.0,
138285.0,0.0,
138335.0,,0.0
138623.88888888888,0.0,
138823.88888888888,0.0,
139068.33333333334,0.0,
139290.55555555556,0.0,
139335.0,,0.0
139620.7142857143,0.0,
139906.42857142858,0.0,
140090.10204081633,0.0,
140294.18367346938,0.0,
140335.0,,0.0
140647.5,0.0,
140835.0,0.0,
141085.0,0.0,
141293.33333333334,0.0,
141335.0,,0.0
141574.13043478262,0.0,
141835.0,0.0,
142052.39130434784,0.0,
142291.52173913043,0.0,
142335.0,,0.0
142611.59574468085,0.0,
142909.46808510637,0.0,
143058.40425531915,0.0,
143292.44680851063,0.0,
143335.0,,0.0
143596.90476190476,0.0,
143835.0,0.0,
144025.47619047618,0.0,
144287.38095238095,0.0,
144335.0,,0.0
144544.3023255814,0.0,
144800.11627906977,0.0,
145009.41860465117,0.0,
145288.48837209304,0.0,
145335.0,,0.0
145598.15789473685,0.0,
145861.31578947368,0.0,
146071.84210526315,0.0,
146282.36842105264,0.0,
146335.0,,0.0
146642.6923076923,0.0,
146822.1794871795,0.0,
147052.94871794872,0.0,
147283.71794871794,0.0,
147335.0,,0.0
147590.81395348837,0.0,
147846.62790697673,0.0,
148125.6976744186,0.0,
148288.48837209304,0.0,
148335.0,,0.0
148565.76923076922,0.0,
148822.1794871795,0.0,
149027.3076923077,0.0,
149283.71794871794,0.0,
149335.0,,0.0
149668.33333333334,0.0,
149876.66666666666,0.0,
150085.0,0.0,
150293.33333333334,0.0,
150335.0,,0.0
150575.74074074073,0.0,
150835.0,0.0,
151075.74074074073,0.0,
151297.96296296295,0.0,
151335.0,,0.0
151639.34782608695,0.0,
151835.0,0.0,
152074.13043478262,0.0,
152291.52173913043,0.0,
152335.0,,0.0
152659.32432432432,0.0,
152983.64864864864,0.0,
153118.7837837838,0.0,
153280.94594594595,0.0,
153335.0,,0.0
153698.63636363635,0.0,
153850.15151515152,0.0,
154092.57575757575,0.0,
154274.39393939395,0.0,
154335.0,,0.0
154607.72727272726,0.0,
154835.0,0.0,
155062.27272727274,0.0,
155289.54545454544,0.0,
155335.0,,0.0
155563.57142857142,0.0,
155849.2857142857,0.0,
156049.2857142857,0.0,
156277.85714285713,0.0,
156335.0,,0.0
156630.45454545456,0.0,
156880.45454545456,0.0,
157062.27272727274,0.0,
157289.54545454544,0.0,
157335.0,,0.0
157610.0,0.0,
157860.0,0.0,
158110.0,0.0,
158285.0,0.0,
158335.0,,0.0
158487.1739130435,0.0,
158682.8260869565,0.0,
158878.47826086957,0.0,
159291.52173913043,0.0,
159335.0,,0.0
159589.9019607843,0.0,
159805.58823529413,0.0,
159982.0588235294,0.0,
160295.78431372548,0.0,
160335.0,,0.0
160575.0,0.0,
160735.0,0.0,
160995.0,0.0,
161295.0,0.0,
161335.0,,0.0
161540.12820512822,0.0,
161796.53846153847,0.0,
162027.3076923077,0.0,
162283.71794871794,0.0,
162335.0,,0.0
162617.60869565216,0.0,
162813.26086956522,0.0,
163095.86956521738,0.0,
163291.52173913043,0.0,
163335.0,,0.0
163654.1489361702,0.0,
163888.1914893617,0.0,
164058.40425531915,0.0,
164292.44680851063,0.0,
164335.0,,0.0
164571.84210526315,0.0,
164782.36842105264,0.0,
164966.57894736843,0.0,
165282.36842105264,0.0,
165335.0,,0.0
165595.86956521738,0.0,
165748.04347826086,0.0,
166030.65217391305,0.0,
166291.52173913043,0.0,
166335.0,,0.0
166585.0,0.0,
166835.0,0.0,
167153.18181818182,0.0,
167289.54545454544,0.0,
167335.0,,0.0
167492.8947368421,0.0,
167808.68421052632,0.0,
168019.2105263158,0.0,
168282.36842105264,0.0,
168335.0,,0.0
168655.0,0.0,
168835.0,0.0,
169055.0,0.0,
169295.0,0.0,
169335.0,,0.0
169595.86956521738,0.0,
169900.21739130435,0.0,
170095.86956521738,0.0,
170291.52173913043,0.0,
170335.0,,0.0
170614.06976744186,0.0,
170800.11627906977,0.0,
170986.16279069768,0.0,
171288.48837209304,0.0,
171335.0,,0.0
171632.2972972973,0.0,
171875.54054054053,0.0,
172091.75675675675,0.0,
172280.94594594595,0.0,
172335.0,,0.0
172514.4871794872,0.0,
172745.2564102564,0.0,
173001.66666666666,0.0,
173283.71794871794,0.0,
173335.0,,0.0
173642.6923076923,0.0,
173847.8205128205,0.0,
174027.3076923077,0.0,
174283.71794871794,0.0,
174335.0,,0.0
174553.75,0.0,
174741.25,0.0,
174991.25,0.0,
175272.5,0.0,
175335.0,,0.0
175590.31914893616,0.0,
175888.1914893617,0.0,
176058.40425531915,0.0,
176292.44680851063,0.0,
176335.0,,0.0
176668.33333333334,0.0,
176847.8205128205,0.0,
177129.87179487178,0.0,
177283.71794871794,0.0,
177335.0,,0.0
177635.0,0.0,
177875.0,0.0,
178095.0,0.0,
178295.0,0.0,
178335.0,,0.0
178574.13043478262,0.0,
178769.78260869565,0.0,
179030.65217391305,0.0,
179291.52173913043,0.0,
179335.0,,0.0
179706.42857142858,0.0,
179935.0,0.0,
180106.42857142858,0.0,
180277.85714285713,0.0,
180335.0,,0.0
180695.0,0.0,
180895.0,0.0,
181135.0,0.0,
181295.0,0.0,
181335.0,,0.0
181660.58139534883,0.0,
181962.90697674418,0.0,
182148.9534883721,0.0,
182288.48837209304,0.0,
182335.0,,0.0
182652.07317073172,0.0,
182871.58536585365,0.0,
183091.0975609756,0.0,
183286.21951219512,0.0,
183335.0,,0.0
183521.0465116279,0.0,
183707.09302325582,0.0,
183986.16279069768,0.0,
184288.48837209304,0.0,
184335.0,,0.0
184549.2857142857,0.0,
184811.19047619047,0.0,
185025.47619047618,0.0,
185287.38095238095,0.0,
185335.0,,0.0
185585.0,0.0,
185890.55555555556,0.0,
186085.0,0.0,
186279.44444444444,0.0,
186335.0,,0.0
186675.0,0.0,
186875.0,0.0,
187075.0,0.0,
187295.0,0.0,
187335.0,,0.0
187623.88888888888,0.0,
187890.55555555556,0.0,
188090.55555555556,0.0,
188290.55555555556,0.0,
188335.0,,0.0
188620.7142857143,0.0,
188906.42857142858,0.0,
189077.85714285713,0.0,
189277.85714285713,0.0,
189335.0,,0.0
189551.2162162162,0.0,
189794.45945945947,0.0,
190037.7027027027,0.0,
190280.94594594595,0.0,
190335.0,,0.0
190668.33333333334,0.0,
190835.0,0.0,
191064.16666666666,0.0,
191293.33333333334,0.0,
191335.0,,0.0
191511.4705882353,0.0,
191746.76470588235,0.0,
192011.4705882353,0.0,
192276.17647058822,0.0,
192335.0,,0.0
192660.58139534883,0.0,
192893.13953488372,0.0,
193102.44186046513,0.0,
193288.48837209304,0.0,
193335.0,,0.0
193595.0,0.0,
193915.0,0.0,
194075.0,0.0,
194295.0,0.0,
194335.0,,0.0
194544.3023255814,0.0,
194800.11627906977,0.0,
195032.67441860464,0.0,
195288.48837209304,0.0,
195335.0,,0.0
195646.11111111112,0.0,
195846.11111111112,0.0,
196157.22222222222,0.0,
196290.55555555556,0.0,
196335.0,,0.0
196501.66666666666,0.0,
196751.66666666666,0.0,
197085.0,0.0,
197279.44444444444,0.0,
197335.0,,0.0
197607.72727272726,0.0,
197903.18181818182,0.0,
198130.45454545456,0.0,
198289.54545454544,0.0,
198335.0,,0.0
198698.63636363635,0.0,
198835.0,0.0,
199016.81818181818,0.0,
199289.54545454544,0.0,
199335.0,,0.0
199521.0465116279,0.0,
199800.11627906977,0.0,
200032.67441860464,0.0,
200288.48837209304,0.0,
200335.0,,0.0
200579.44444444444,0.0,
200846.11111111112,0.0,
201068.33333333334,0.0,
201290.55555555556,0.0,
201335.0,,0.0
201595.86956521738,0.0,
201856.73913043478,0.0,
202117.60869565216,0.0,
202291.52173913043,0.0,
202335.0,,0.0
202707.09302325582,0.0,
202846.62790697673,0.0,
203009.41860465117,0.0,
203288.48837209304,0.0,
203335.0,,0.0
203661.08695652173,0.0,
203856.73913043478,0.0,
204030.65217391305,0.0,
204291.52173913043,0.0,
204335.0,,0.0
204614.06976744186,0.0,
204823.37209302327,0.0,
205079.18604651163,0.0,
205288.48837209304,0.0,
205335.0,,0.0
205627.68292682926,0.0,
205847.19512195123,0.0,
206042.31707317074,0.0,
206286.21951219512,0.0,
206335.0,,0.0
206570.29411764705,0.0,
206825.19607843139,0.0,
207021.27450980392,0.0,
207295.78431372548,0.0,
207335.0,,0.0
207531.42857142858,0.0,
207763.57142857142,0.0,
207977.85714285713,0.0,
208299.2857142857,0.0,
208335.0,,0.0
208600.306122449,0.0,
208783.97959183675,0.0,
209069.693877551,0.0,
209294.18367346938,0.0,
209335.0,,0.0
209642.6923076923,0.0,
209924.7435897436,0.0,
210155.5128205128,0.0,
210283.71794871794,0.0,
210335.0,,0.0
210601.66666666666,0.0,
210846.11111111112,0.0,
211046.11111111112,0.0,
211290.55555555556,0.0,
211335.0,,0.0
211543.33333333334,0.0,
211835.0,0.0,
212085.0,0.0,
212293.33333333334,0.0,
212335.0,,0.0
212574.13043478262,0.0,
212769.78260869565,0.0,
212965.4347826087,0.0,
213291.52173913043,0.0,
213335.0,,0.0
213629.11764705883,0.0,
213844.80392156861,0.0,
214021.27450980392,0.0,
214295.78431372548,0.0,
214335.0,,0.0
214668.33333333334,0.0,
214868.33333333334,0.0,
215118.33333333334,0.0,
215301.66666666666,0.0,
215335.0,,0.0
215579.44444444444,0.0,
215846.11111111112,0.0,
216046.11111111112,0.0,
216290.55555555556,0.0,
216335.0,,0.0
216524.1891891892,0.0,
216794.45945945947,0.0,
217091.75675675675,0.0,
217280.94594594595,0.0,
217335.0,,0.0
217642.6923076923,0.0,
217847.8205128205,0.0,
218052.94871794872,0.0,
218283.71794871794,0.0,
218335.0,,0.0
218546.53846153847,0.0,
218796.53846153847,0.0,
219046.53846153847,0.0,
219296.53846153847,0.0,
219335.0,,0.0
219585.0,0.0,
219810.0,0.0,
220060.0,0.0,
220285.0,0.0,
220335.0,,0.0
220585.0,0.0,
220760.0,0.0,
221060.0,0.0,
221285.0,0.0,
221335.0,,0.0
221611.59574468085,0.0,
221824.36170212767,0.0,
222058.40425531915,0.0,
222292.44680851063,0.0,
222335.0,,0.0
222617.60869565216,0.0,
222856.73913043478,0.0,
223095.86956521738,0.0,
223291.52173913043,0.0,
223335.0,,0.0
223601.66666666666,0.0,
223868.33333333334,0.0,
224046.11111111112,0.0,
224290.55555555556,0.0,
224335.0,,0.0
224627.68292682926,0.0,
224871.58536585365,0.0,
225066.70731707316,0.0,
225286.21951219512,0.0,
225335.0,,0.0
225574.13043478262,0.0,
225835.0,0.0,
226052.39130434784,0.0,
226291.52173913043,0.0,
226335.0,,0.0
226605.83333333334,0.0,
226835.0,0.0,
227105.83333333334,0.0,
227293.33333333334,0.0,
227335.0,,0.0
227601.66666666666,0.0,
227779.44444444444,0.0,
228001.66666666666,0.0,
228290.55555555556,0.0,
228335.0,,0.0
228632.2972972973,0.0,
228767.43243243243,0.0,
229037.7027027027,0.0,
229280.94594594595,0.0,
229335.0,,0.0
229571.84210526315,0.0,
229913.94736842104,0.0,
230045.52631578947,0.0,
230282.36842105264,0.0,
230335.0,,0.0
230559.48979591837,0.0,
230824.79591836734,0.0,
231028.8775510204,0.0,
231294.18367346938,0.0,
231335.0,,0.0
231573.09523809524,0.0,
231811.19047619047,0.0,
232096.90476190476,0.0,
232287.38095238095,0.0,
232335.0,,0.0
232604.23076923078,0.0,
232815.76923076922,0.0,
233065.76923076922,0.0,
233296.53846153847,0.0,
233335.0,,0.0
233700.8536585366,0.0,
233944.75609756098,0.0,
234091.0975609756,0.0,
234286.21951219512,0.0,
234335.0,,0.0
234647.5,0.0,
234876.66666666666,0.0,
235064.16666666666,0.0,
235293.33333333334,0.0,
235335.0,,0.0
235562.27272727274,0.0,
235766.81818181818,0.0,
235971.36363636365,0.0,
236289.54545454544,0.0,
236335.0,,0.0
236603.29268292684,0.0,
236871.58536585365,0.0,
237091.0975609756,0.0,
237286.21951219512,0.0,
237335.0,,0.0
237627.68292682926,0.0,
237798.41463414635,0.0,
238066.70731707316,0.0,
238286.21951219512,0.0,
238335.0,,0.0
238702.3469387755,0.0,
238906.42857142858,0.0,
239130.91836734695,0.0,
239294.18367346938,0.0,
239335.0,,0.0
239661.08695652173,0.0,
239878.47826086957,0.0,
240074.13043478262,0.0,
240291.52173913043,0.0,
240335.0,,0.0
240589.54545454544,0.0,
240862.27272727274,0.0,
241098.63636363635,0.0,
241298.63636363635,0.0,
241335.0,,0.0
241653.18181818182,0.0,
241925.9090909091,0.0,
242039.54545454544,0.0,
242289.54545454544,0.0,
242335.0,,0.0
242554.51219512196,0.0,
242749.63414634147,0.0,
243066.70731707316,0.0,
243286.21951219512,0.0,
243335.0,,0.0
243539.08163265305,0.0,
243783.97959183675,0.0,
244008.4693877551,0.0,
244294.18367346938,0.0,
244335.0,,0.0
244677.85714285713,0.0,
244849.2857142857,0.0,
245077.85714285713,0.0,
245277.85714285713,0.0,
245335.0,,0.0
245565.76923076922,0.0,
245745.2564102564,0.0,
246027.3076923077,0.0,
246283.71794871794,0.0,
246335.0,,0.0
246707.54901960783,0.0,
246923.23529411765,0.0,
247119.3137254902,0.0,
247295.78431372548,0.0,
247335.0,,0.0
247735.0,0.0,
247935.0,0.0,
248179.44444444444,0.0,
248290.55555555556,0.0,
248335.0,,0.0
248695.0,0.0,
248835.0,0.0,
249075.0,0.0,
249295.0,0.0,
249335.0,,0.0
249595.0,0.0,
249855.0,0.0,
250115.0,0.0,
250295.0,0.0,
250335.0,,0.0
250512.77777777778,0.0,
250823.88888888888,0.0,
251068.33333333334,0.0,
251290.55555555556,0.0,
251335.0,,0.0
251565.76923076922,0.0,
251815.76923076922,0.0,
252085.0,0.0,
252296.53846153847,0.0,
252335.0,,0.0
252590.31914893616,0.0,
252760.53191489363,0.0,
253015.8510638298,0.0,
253292.44680851063,0.0,
253335.0,,0.0
253635.0,0.0,
253810.0,0.0,
254010.0,0.0,
254285.0,0.0,
254335.0,,0.0
254611.59574468085,0.0,
254909.46808510637,0.0,
255143.51063829788,0.0,
255292.44680851063,0.0,
255335.0,,0.0
255571.84210526315,0.0,
255835.0,0.0,
256019.2105263158,0.0,
256282.36842105264,0.0,
256335.0,,0.0
256654.1489361702,0.0,
256866.914893617,0.0,
257037.12765957447,0.0,
257292.44680851063,0.0,
257335.0,,0.0
257630.45454545456,0.0,
257880.45454545456,0.0,
258062.27272727274,0.0,
258289.54545454544,0.0,
258335.0,,0.0
258561.4150943396,0.0,
258844.43396226416,0.0,
259108.5849056604,0.0,
259297.2641509434,0.0,
259335.0,,0.0
259630.45454545456,0.0,
259812.27272727274,0.0,
260085.0,0.0,
260289.54545454544,0.0,
260335.0,,0.0
260692.14285714287,0.0,
260882.61904761905,0.0,
261073.09523809524,0.0,
261287.38095238095,0.0,
261335.0,,0.0
261557.22222222222,0.0,
261779.44444444444,0.0,
262068.33333333334,0.0,
262290.55555555556,0.0,
262335.0,,0.0
262644.5238095238,0.0,
262882.61904761905,0.0,
263073.09523809527,0.0,
263287.38095238095,0.0,
263335.0,,0.0
263611.59574468085,0.0,
263888.1914893617,0.0,
264079.6808510638,0.0,
264292.44680851063,0.0,
264335.0,,0.0
264549.28571428574,0.0,
264787.38095238095,0.0,
265073.09523809527,0.0,
265287.38095238095,0.0,
265335.0,,0.0
265630.45454545453,0.0,
265880.45454545453,0.0,
266107.7272727273,0.0,
266289.54545454547,0.0,
266335.0,,0.0
266535.0,0.0,
266810.0,0.0,
267060.0,0.0,
267285.0,0.0,
267335.0,,0.0
267567.5581395349,0.0,
267753.6046511628,0.0,
267986.16279069765,0.0,
268288.488372093,0.0,
268335.0,,0.0
268629.1176470588,0.0,
268844.8039215686,0.0,
269099.70588235295,0.0,
269295.7843137255,0.0,
269335.0,,0.0
269620.71428571426,0.0,
269858.8095238095,0.0,
270049.28571428574,0.0,
270287.38095238095,0.0,
270335.0,,0.0
270562.2727272727,0.0,
270766.8181818182,0.0,
270994.0909090909,0.0,
271289.54545454547,0.0,
271335.0,,0.0
271713.3783783784,0.0,
271929.5945945946,0.0,
272145.8108108108,0.0,
272280.9459459459,0.0,
272335.0,,0.0
272617.60869565216,0.0,
272791.52173913043,0.0,
273095.8695652174,0.0,
273291.52173913043,0.0,
273335.0,,0.0
273642.6923076923,0.0,
273873.46153846156,0.0,
274078.58974358975,0.0,
274283.71794871794,0.0,
274335.0,,0.0
274620.71428571426,0.0,
274882.61904761905,0.0,
275049.28571428574,0.0,
275287.38095238095,0.0,
275335.0,,0.0
275550.6862745098,0.0,
275805.5882352941,0.0,
276040.8823529412,0.0,
276295.7843137255,0.0,
276335.0,,0.0
276585.0,0.0,
276807.22222222225,0.0,
277112.77777777775,0.0,
277279.44444444444,0.0,
277335.0,,0.0
277620.71428571426,0.0,
277763.5714285714,0.0,
278001.6666666667,0.0,
278287.38095238095,0.0,
278335.0,,0.0
278626.6666666667,0.0,
278876.6666666667,0.0,
279085.0,0.0,
279293.3333333333,0.0,
279335.0,,0.0
279644.5238095238,0.0,
279858.8095238095,0.0,
280049.28571428574,0.0,
280287.38095238095,0.0,
280335.0,,0.0
280638.5714285714,0.0,
280852.85714285716,0.0,
280977.85714285716,0.0,
281299.28571428574,0.0,
281335.0,,0.0
281575.0,0.0,
281755.0,0.0,
282035.0,0.0,
282295.0,0.0,
282335.0,,0.0
282560.0,0.0,
282810.0,0.0,
283035.0,0.0,
283285.0,0.0,
283335.0,,0.0
283661.92307692306,0.0,
283911.92307692306,0.0,
284085.0,0.0,
284296.53846153844,0.0,
284335.0,,0.0
284617.60869565216,0.0,
284791.52173913043,0.0,
285008.9130434783,0.0,
285291.52173913043,0.0,
285335.0,,0.0
285579.89795918367,0.0,
285906.4285714286,0.0,
286049.28571428574,0.0,
286294.1836734694,0.0,
286335.0,,0.0
286590.3191489362,0.0,
286824.3617021277,0.0,
287100.9574468085,0.0,
287292.44680851063,0.0,
287335.0,,0.0
287579.44444444444,0.0,
287801.6666666667,0.0,
288090.55555555556,0.0,
288290.55555555556,0.0,
288335.0,,0.0
288590.81395348837,0.0,
288893.1395348837,0.0,
289148.9534883721,0.0,
289288.488372093,0.0,
289335.0,,0.0
289585.0,0.0,
289835.0,0.0,
290039.54545454547,0.0,
290289.54545454547,0.0,
290335.0,,0.0
290591.41025641025,0.0,
290822.1794871795,0.0,
291052.9487179487,0.0,
291283.71794871794,0.0,
291335.0,,0.0
291700.3846153846,0.0,
291835.0,0.0,
292085.0,0.0,
292296.53846153844,0.0,
292335.0,,0.0
292573.09523809527,0.0,
292739.7619047619,0.0,
292977.85714285716,0.0,
293287.38095238095,0.0,
293335.0,,0.0
293614.06976744183,0.0,
293869.88372093026,0.0,
294009.4186046512,0.0,
294288.488372093,0.0,
294335.0,,0.0
294623.8888888889,0.0,
294868.3333333333,0.0,
295112.77777777775,0.0,
295290.55555555556,0.0,
295335.0,,0.0
295595.8695652174,0.0,
295813.26086956525,0.0,
296030.652173913,0.0,
296291.52173913043,0.0,
296335.0,,0.0
296646.1111111111,0.0,
296846.1111111111,0.0,
297023.8888888889,0.0,
297290.55555555556,0.0,
297335.0,,0.0
297567.5581395349,0.0,
297800.11627906974,0.0,
298079.18604651163,0.0,
298288.488372093,0.0,
298335.0,,0.0
298540.1282051282,0.0,
298770.89743589744,0.0,
298976.0256410256,0.0,
299283.71794871794,0.0,
299335.0,,0.0
299652.0731707317,0.0,
299822.8048780488,0.0,
300042.31707317074,0.0,
300286.2195121951,0.0,
300335.0,,0.0
300526.4893617021,0.0,
300803.08510638296,0.0,
301037.12765957444,0.0,
301292.44680851063,0.0,
301335.0,,0.0
301721.36363636365,0.0,
301948.63636363635,0.0,
302107.7272727273,0.0,
302289.54545454547,0.0,
302335.0,,0.0
302653.1818181818,0.0,
302857.7272727273,0.0,
303107.7272727273,0.0,
303289.54545454547,0.0,
303335.0,,0.0
303661.5306122449,0.0,
303804.387755102,0.0,
304049.28571428574,0.0,
304294.1836734694,0.0,
304335.0,,0.0
304495.0,0.0,
304695.0,0.0,
304935.0,0.0,
305295.0,0.0,
305335.0,,0.0
305650.7894736842,0.0,
305940.2631578947,0.0,
306098.15789473685,0.0,
306282.36842105264,0.0,
306335.0,,0.0
306639.347826087,0.0,
306835.0,0.0,
307139.347826087,0.0,
307291.52173913043,0.0,
307335.0,,0.0
307559.48979591834,0.0,
307783.97959183675,0.0,
307947.2448979592,0.0,
308294.1836734694,0.0,
308335.0,,0.0
308632.87234042556,0.0,
308845.6382978723,0.0,
309100.9574468085,0.0,
309292.44680851063,0.0,
309335.0,,0.0
309505.21276595746,0.0,
309739.25531914894,0.0,
310058.40425531915,0.0,
310292.44680851063,0.0,
310335.0,,0.0
310620.71428571426,0.0,
310865.612244898,0.0,
311090.10204081633,0.0,
311294.1836734694,0.0,
311335.0,,0.0
311623.46153846156,0.0,
311892.6923076923,0.0,
312085.0,0.0,
312296.53846153844,0.0,
312335.0,,0.0
312598.15789473685,0.0,
312861.3157894737,0.0,
313071.84210526315,0.0,
313282.36842105264,0.0,
313335.0,,0.0
313544.3023255814,0.0,
313823.37209302327,0.0,
314079.18604651163,0.0,
314288.488372093,0.0,
314335.0,,0.0
314689.1666666667,0.0,
314897.5,0.0,
315064.1666666667,0.0,
315293.3333333333,0.0,
315335.0,,0.0
315552.39130434784,0.0,
315726.3043478261,0.0,
316008.9130434783,0.0,
316291.52173913043,0.0,
316335.0,,0.0
316683.83720930235,0.0,
316893.1395348837,0.0,
317102.4418604651,0.0,
317288.488372093,0.0,
317335.0,,0.0
317585.0,0.0,
317835.0,0.0,
318035.0,0.0,
318285.0,0.0,
318335.0,,0.0
318639.347826087,0.0,
318835.0,0.0,
319030.652173913,0.0,
319291.52173913043,0.0,
319335.0,,0.0
319501.6666666667,0.0,
319835.0,0.0,
320022.5,0.0,
320293.3333333333,0.0,
320335.0,,0.0
320748.04347826086,0.0,
321008.9130434783,0.0,
321182.82608695654,0.0,
321291.52173913043,0.0,
321335.0,,0.0
321702.3469387755,0.0,
321865.612244898,0.0,
322049.28571428574,0.0,
322294.1836734694,0.0,
322335.0,,0.0
322644.5238095238,0.0,
322906.4285714286,0.0,
323120.71428571426,0.0,
323287.38095238095,0.0,
323335.0,,0.0
323601.6666666667,0.0,
323912.77777777775,0.0,
324090.55555555556,0.0,
324290.55555555556,0.0,
324335.0,,0.0
324660.5813953488,0.0,
324869.88372093026,0.0,
325079.18604651163,0.0,
325288.488372093,0.0,
325335.0,,0.0
325639.347826087,0.0,
325856.73913043475,0.0,
326052.39130434784,0.0,
326291.52173913043,0.0,
326335.0,,0.0
326561.41509433964,0.0,
326750.09433962265,0.0,
327033.11320754717,0.0,
327297.2641509434,0.0,
327335.0,,0.0
327646.1111111111,0.0,
327868.3333333333,0.0,
328046.1111111111,0.0,
328290.55555555556,0.0,
328335.0,,0.0
328637.32558139536,0.0,
328800.11627906974,0.0,
329055.93023255817,0.0,
329288.488372093,0.0,
329335.0,,0.0
329579.44444444444,0.0,
329846.1111111111,0.0,
330090.55555555556,0.0,
330290.55555555556,0.0,
330335.0,,0.0
330552.39130434784,0.0,
330878.47826086957,0.0,
331095.8695652174,0.0,
331291.52173913043,0.0,
331335.0,,0.0
331524.1891891892,0.0,
331794.45945945947,0.0,
332010.6756756757,0.0,
332280.9459459459,0.0,
332335.0,,0.0
332590.3191489362,0.0,
332760.5319148936,0.0,
332973.2978723404,0.0,
333292.44680851063,0.0,
333335.0,,0.0
333617.0512820513,0.0,
333873.46153846156,0.0,
334129.8717948718,0.0,
334283.71794871794,0.0,
334335.0,,0.0
334535.0,0.0,
334877.85714285716,0.0,
335106.4285714286,0.0,
335277.85714285716,0.0,
335335.0,,0.0
335596.90476190473,0.0,
335787.38095238095,0.0,
335977.85714285716,0.0,
336287.38095238095,0.0,
336335.0,,0.0
336675.42553191487,0.0,
336909.4680851064,0.0,
337079.6808510638,0.0,
337292.44680851063,0.0,
337335.0,,0.0
337744.0909090909,0.0,
337880.45454545453,0.0,
338016.8181818182,0.0,
338289.54545454547,0.0,
338335.0,,0.0
338626.6666666667,0.0,
338793.3333333333,0.0,
339022.5,0.0,
339293.3333333333,0.0,
339335.0,,0.0
339562.2727272727,0.0,
339789.54545454547,0.0,
340107.7272727273,0.0,
340289.54545454547,0.0,
340335.0,,0.0
340578.24324324325,0.0,
340794.45945945947,0.0,
341091.75675675675,0.0,
341280.9459459459,0.0,
341335.0,,0.0
341700.85365853657,0.0,
341871.5853658537,0.0,
342139.8780487805,0.0,
342286.2195121951,0.0,
342335.0,,0.0
342591.41025641025,0.0,
342822.1794871795,0.0,
343027.3076923077,0.0,
343283.71794871794,0.0,
343335.0,,0.0
343642.6923076923,0.0,
343796.53846153844,0.0,
343988.8461538461,0.0,
344296.53846153844,0.0,
344335.0,,0.0
344604.23076923075,0.0,
344911.92307692306,0.0,
345085.0,0.0,
345296.53846153844,0.0,
345335.0,,0.0
345549.28571428574,0.0,
345811.1904761905,0.0,
346073.09523809527,0.0,
346287.38095238095,0.0,
346335.0,,0.0
346704.5652173913,0.0,
346856.73913043475,0.0,
347052.39130434784,0.0,
347291.52173913043,0.0,
347335.0,,0.0
347535.0,0.0,
347835.0,0.0,
348060.0,0.0,
348285.0,0.0,
348335.0,,0.0
348569.0425531915,0.0,
348845.6382978723,0.0,
349058.40425531915,0.0,
349292.44680851063,0.0,
349335.0,,0.0
349614.06976744183,0.0,
349846.62790697673,0.0,
350032.67441860464,0.0,
350288.488372093,0.0,
350335.0,,0.0
350544.3023255814,0.0,
350800.11627906974,0.0,
351079.18604651163,0.0,
351288.488372093,0.0,
351335.0,,0.0
351644.0909090909,0.0,
351862.2727272727,0.0,
352044.0909090909,0.0,
352298.63636363635,0.0,
352335.0,,0.0
352616.25,0.0,
352866.25,0.0,
353022.5,0.0,
353272.5,0.0,
353335.0,,0.0
353604.23076923075,0.0,
353815.76923076925,0.0,
354104.23076923075,0.0,
354296.53846153844,0.0,
354335.0,,0.0
354623.8888888889,0.0,
354779.44444444444,0.0,
355090.55555555556,0.0,
355290.55555555556,0.0,
355335.0,,0.0
355595.8695652174,0.0,
355856.73913043475,0.0,
356074.1304347826,0.0,
356291.52173913043,0.0,
356335.0,,0.0
356655.0,0.0,
356855.0,0.0,
357055.0,0.0,
357295.0,0.0,
357335.0,,0.0
357564.1666666667,0.0,
357772.5,0.0,
358064.1666666667,0.0,
358293.3333333333,0.0,
358335.0,,0.0
358739.7619047619,0.0,
358906.4285714286,0.0,
359096.90476190473,0.0,
359287.38095238095,0.0,
359335.0,,0.0
359579.89795918367,0.0,
359783.97959183675,0.0,
360008.4693877551,0.0,
360294.1836734694,0.0,
360335.0,,0.0
360630.45454545453,0.0,
360789.54545454547,0.0,
361016.8181818182,0.0,
361289.54545454547,0.0,
361335.0,,0.0
361721.36363636365,0.0,
361812.2727272727,0.0,
362016.8181818182,0.0,
362289.54545454547,0.0,
362335.0,,0.0
362615.0,0.0,
362915.0,0.0,
363175.0,0.0,
363295.0,0.0,
363335.0,,0.0
363710.0,0.0,
363885.0,0.0,
364060.0,0.0,
364285.0,0.0,
364335.0,,0.0
364544.3023255814,0.0,
364800.11627906974,0.0,
364986.16279069765,0.0,
365288.488372093,0.0,
365335.0,,0.0
365521.0465116279,0.0,
365869.88372093026,0.0,
366079.18604651163,0.0,
366288.488372093,0.0,
366335.0,,0.0
366620.71428571426,0.0,
366811.1904761905,0.0,
367025.4761904762,0.0,
367287.38095238095,0.0,
367335.0,,0.0
367620.71428571426,0.0,
367835.0,0.0,
368096.90476190473,0.0,
368287.38095238095,0.0,
368335.0,,0.0
368562.2727272727,0.0,
368744.0909090909,0.0,
368994.0909090909,0.0,
369289.54545454547,0.0,
369335.0,,0.0
369692.14285714284,0.0,
369858.8095238095,0.0,
370096.90476190473,0.0,
370287.38095238095,0.0,
370335.0,,0.0
370627.68292682926,0.0,
370871.5853658537,0.0,
371017.9268292683,0.0,
371286.2195121951,0.0,
371335.0,,0.0
371555.0,0.0,
371775.0,0.0,
372055.0,0.0,
372295.0,0.0,
372335.0,,0.0
372545.5263157895,0.0,
372808.6842105263,0.0,
373098.15789473685,0.0,
373282.36842105264,0.0,
373335.0,,0.0
373565.76923076925,0.0,
373770.89743589744,0.0,
374001.6666666667,0.0,
374283.71794871794,0.0,
374335.0,,0.0
374675.42553191487,0.0,
374888.1914893617,0.0,
375058.40425531915,0.0,
375292.44680851063,0.0,
375335.0,,0.0
375632.87234042556,0.0,
375888.1914893617,0.0,
376079.6808510638,0.0,
376292.44680851063,0.0,
376335.0,,0.0
376661.5306122449,0.0,
376886.02040816325,0.0,
377069.693877551,0.0,
377294.1836734694,0.0,
377335.0,,0.0
377601.6666666667,0.0,
377823.8888888889,0.0,
378157.22222222225,0.0,
378290.55555555556,0.0,
378335.0,,0.0
378579.44444444444,0.0,
378779.44444444444,0.0,
379023.8888888889,0.0,
379290.55555555556,0.0,
379335.0,,0.0
379712.77777777775,0.0,
379935.0,0.0,
380112.77777777775,0.0,
380290.55555555556,0.0,
380335.0,,0.0
380560.0,0.0,
380810.0,0.0,
381010.0,0.0,
381285.0,0.0,
381335.0,,0.0
381557.22222222225,0.0,
381823.8888888889,0.0,
382112.77777777775,0.0,
382290.55555555556,0.0,
382335.0,,0.0
382703.4210526316,0.0,
382992.8947368421,0.0,
383124.4736842105,0.0,
383282.36842105264,0.0,
383335.0,,0.0
383562.2727272727,0.0,
383857.7272727273,0.0,
384085.0,0.0,
384289.54545454547,0.0,
384335.0,,0.0
384535.0,0.0,
384785.0,0.0,
385035.0,0.0,
385285.0,0.0,
385335.0,,0.0
385641.1224489796,0.0,
385886.02040816325,0.0,
386110.51020408166,0.0,
386294.1836734694,0.0,
386335.0,,0.0
386578.9024390244,0.0,
386822.8048780488,0.0,
387091.0975609756,0.0,
387286.2195121951,0.0,
387335.0,,0.0
387545.5263157895,0.0,
387756.05263157893,0.0,
388098.15789473685,0.0,
388282.36842105264,0.0,
388335.0,,0.0
388626.6666666667,0.0,
388793.3333333333,0.0,
389043.3333333333,0.0,
389293.3333333333,0.0,
389335.0,,0.0
389735.0,0.0,
389906.4285714286,0.0,
390106.4285714286,0.0,
390277.85714285716,0.0,
390335.0,,0.0
390644.5238095238,0.0,
390906.4285714286,0.0,
391120.71428571426,0.0,
391287.38095238095,0.0,
391335.0,,0.0
391652.0731707317,0.0,
391895.9756097561,0.0,
392066.7073170732,0.0,
392286.2195121951,0.0,
392335.0,,0.0
392632.2972972973,0.0,
392956.6216216216,0.0,
393118.7837837838,0.0,
393280.9459459459,0.0,
393335.0,,0.0
393607.7272727273,0.0,
393844.0909090909,0.0,
394080.45454545453,0.0,
394298.63636363635,0.0,
394335.0,,0.0
394519.2105263158,0.0,
394729.7368421053,0.0,
394992.8947368421,0.0,
395282.36842105264,0.0,
395335.0,,0.0
395574.1304347826,0.0,
395791.52173913043,0.0,
396074.1304347826,0.0,
396291.52173913043,0.0,
396335.0,,0.0
396630.45454545453,0.0,
396948.63636363635,0.0,
397130.45454545453,0.0,
397289.54545454547,0.0,
397335.0,,0.0
397578.9024390244,0.0,
397895.9756097561,0.0,
398017.9268292683,0.0,
398286.2195121951,0.0,
398335.0,,0.0
398571.84210526315,0.0,
398808.6842105263,0.0,
399019.2105263158,0.0,
399282.36842105264,0.0,
399335.0,,0.0
399717.97872340423,0.0,
399930.74468085106,0.0,
400143.5106382979,0.0,
400292.44680851063,0.0,
400335.0,,0.0
400632.87234042556,0.0,
400845.6382978723,0.0,
401100.9574468085,0.0,
401292.44680851063,0.0,
401335.0,,0.0
401661.0869565217,0.0,
401878.47826086957,0.0,
402095.8695652174,0.0,
402291.52173913043,0.0,
402335.0,,0.0
402620.71428571426,0.0,
402824.79591836734,0.0,
403069.693877551,0.0,
403294.1836734694,0.0,
403335.0,,0.0
403525.4761904762,0.0,
403835.0,0.0,
404025.4761904762,0.0,
404287.38095238095,0.0,
404335.0,,0.0
404603.2926829268,0.0,
404822.8048780488,0.0,
405017.9268292683,0.0,
405286.2195121951,0.0,
405335.0,,0.0
405508.9130434783,0.0,
405835.0,0.0,
406074.1304347826,0.0,
406291.52173913043,0.0,
406335.0,,0.0
406589.90196078434,0.0,
406844.8039215686,0.0,
407080.09803921566,0.0,
407295.7843137255,0.0,
407335.0,,0.0
407585.0,0.0,
407789.54545454547,0.0,
408085.0,0.0,
408289.54545454547,0.0,
408335.0,,0.0
408607.7272727273,0.0,
408835.0,0.0,
408994.0909090909,0.0,
409289.54545454547,0.0,
409335.0,,0.0
409578.24324324325,0.0,
409794.45945945947,0.0,
409983.64864864864,0.0,
410280.9459459459,0.0,
410335.0,,0.0
410591.41025641025,0.0,
410796.53846153844,0.0,
411052.9487179487,0.0,
411283.71794871794,0.0,
411335.0,,0.0
411623.8888888889,0.0,
411868.3333333333,0.0,
412068.3333333333,0.0,
412290.55555555556,0.0,
412335.0,,0.0
412560.0,0.0,
412810.0,0.0,
413085.0,0.0,
413285.0,0.0,
413335.0,,0.0
413627.68292682926,0.0,
413847.1951219512,0.0,
414066.7073170732,0.0,
414286.2195121951,0.0,
414335.0,,0.0
414554.51219512196,0.0,
414822.8048780488,0.0,
415091.0975609756,0.0,
415286.2195121951,0.0,
415335.0,,0.0
415522.5,0.0,
415772.5,0.0,
416043.3333333333,0.0,
416293.3333333333,0.0,
416335.0,,0.0
416485.0,0.0,
416835.0,0.0,
417035.0,0.0,
417285.0,0.0,
417335.0,,0.0
417560.0,0.0,
417835.0,0.0,
418085.0,0.0,
418285.0,0.0,
418335.0,,0.0
418668.3333333333,0.0,
418868.3333333333,0.0,
419068.3333333333,0.0,
419290.55555555556,0.0,
419335.0,,0.0
419599.1509433962,0.0,
419825.56603773584,0.0,
420070.8490566038,0.0,
420297.2641509434,0.0,
420335.0,,0.0
420477.85714285716,0.0,
420763.5714285714,0.0,
420992.14285714284,0.0,
421277.85714285716,0.0,
421335.0,,0.0
421624.4736842105,0.0,
421782.36842105264,0.0,
422071.84210526315,0.0,
422282.36842105264,0.0,
422335.0,,0.0
422623.8888888889,0.0,
422868.3333333333,0.0,
423090.55555555556,0.0,
423290.55555555556,0.0,
423335.0,,0.0
423704.5652173913,0.0,
423856.73913043475,0.0,
424030.652173913,0.0,
424291.52173913043,0.0,
424335.0,,0.0
424638.0303030303,0.0,
424880.45454545453,0.0,
425062.2727272727,0.0,
425274.3939393939,0.0,
425335.0,,0.0
425585.0,0.0,
425835.0,0.0,
426022.5,0.0,
426272.5,0.0,
426335.0,,0.0
426653.1818181818,0.0,
426835.0,0.0,
426994.0909090909,0.0,
427289.54545454547,0.0,
427335.0,,0.0
427650.7894736842,0.0,
427826.22807017545,0.0,
428106.9298245614,0.0,
428299.91228070174,0.0,
428335.0,,0.0
428661.92307692306,0.0,
428873.46153846156,0.0,
429085.0,0.0,
429296.53846153844,0.0,
429335.0,,0.0
429559.48979591834,0.0,
429824.79591836734,0.0,
430110.51020408166,0.0,
430294.1836734694,0.0,
430335.0,,0.0
430522.5,0.0,
430678.75,0.0,
430960.0,0.0,
431272.5,0.0,
431335.0,,0.0
431623.8888888889,0.0,
431757.22222222225,0.0,
432001.6666666667,0.0,
432290.55555555556,0.0,
432335.0,,0.0
432632.2972972973,0.0,
432848.5135135135,0.0,
433064.7297297297,0.0,
433280.9459459459,0.0,
433335.0,,0.0
433614.06976744183,0.0,
433846.62790697673,0.0,
434079.18604651163,0.0,
434288.488372093,0.0,
434335.0,,0.0
434579.44444444444,0.0,
434801.6666666667,0.0,
435046.1111111111,0.0,
435290.55555555556,0.0,
435335.0,,0.0
435652.0731707317,0.0,
435871.5853658537,0.0,
436042.31707317074,0.0,
436286.2195121951,0.0,
436335.0,,0.0
436639.347826087,0.0,
436835.0,0.0,
437052.39130434784,0.0,
437291.52173913043,0.0,
437335.0,,0.0
437661.92307692306,0.0,
437873.46153846156,0.0,
438123.46153846156,0.0,
438296.53846153844,0.0,
438335.0,,0.0
438596.90476190473,0.0,
438811.1904761905,0.0,
439025.4761904762,0.0,
439287.38095238095,0.0,
439335.0,,0.0
439641.1224489796,0.0,
439824.79591836734,0.0,
440049.28571428574,0.0,
440294.1836734694,0.0,
440335.0,,0.0
440617.0512820513,0.0,
440899.10256410256,0.0,
441104.23076923075,0.0,
441283.71794871794,0.0,
441335.0,,0.0
441585.0,0.0,
441835.0,0.0,
442022.5,0.0,
442293.3333333333,0.0,
442335.0,,0.0
442668.3333333333,0.0,
442858.8095238095,0.0,
443096.90476190473,0.0,
443287.38095238095,0.0,
443335.0,,0.0
443707.0930232558,0.0,
443939.6511627907,0.0,
444079.18604651163,0.0,
444288.488372093,0.0,
444335.0,,0.0
444611.59574468085,0.0,
444845.6382978723,0.0,
445037.12765957444,0.0,
445292.44680851063,0.0,
445335.0,,0.0
445589.90196078434,0.0,
445923.23529411765,0.0,
446080.09803921566,0.0,
446295.7843137255,0.0,
446335.0,,0.0
446595.8695652174,0.0,
446791.52173913043,0.0,
447008.9130434783,0.0,
447291.52173913043,0.0,
447335.0,,0.0
447585.0,0.0,
447880.45454545453,0.0,
448062.2727272727,0.0,
448289.54545454547,0.0,
448335.0,,0.0
448620.71428571426,0.0,
448865.612244898,0.0,
449110.51020408166,0.0,
449294.1836734694,0.0,
449335.0,,0.0
449552.39130434784,0.0,
449726.3043478261,0.0,
450008.9130434783,0.0,
450291.52173913043,0.0,
450335.0,,0.0
450620.71428571426,0.0,
450835.0,0.0,
451096.90476190473,0.0,
451287.38095238095,0.0,
451335.0,,0.0
451525.4761904762,0.0,
451787.38095238095,0.0,
452001.6666666667,0.0,
452287.38095238095,0.0,
452335.0,,0.0
452585.0,0.0,
452885.0,0.0,
453035.0,0.0,
453285.0,0.0,
453335.0,,0.0
453603.2926829268,0.0,
453822.8048780488,0.0,
454066.7073170732,0.0,
454286.2195121951,0.0,
454335.0,,0.0
454578.24324324325,0.0,
454929.5945945946,0.0,
455118.7837837838,0.0,
455280.9459459459,0.0,
455335.0,,0.0
455661.0869565217,0.0,
455856.73913043475,0.0,
456008.9130434783,0.0,
456291.52173913043,0.0,
456335.0,,0.0
456543.3333333333,0.0,
456751.6666666667,0.0,
457085.0,0.0,
457293.3333333333,0.0,
457335.0,,0.0
457554.51219512196,0.0,
457774.0243902439,0.0,
458042.31707317074,0.0,
458286.2195121951,0.0,
458335.0,,0.0
458660.5813953488,0.0,
458823.37209302327,0.0,
459102.4418604651,0.0,
459288.488372093,0.0,
459335.0,,0.0
459689.1666666667,0.0,
459876.6666666667,0.0,
460043.3333333333,0.0,
460293.3333333333,0.0,
460335.0,,0.0
460654.1489361702,0.0,
460824.3617021277,0.0,
460994.57446808513,0.0,
461292.44680851063,0.0,
461335.0,,0.0
461585.0,0.0,
461814.1666666667,0.0,
462022.5,0.0,
462293.3333333333,0.0,
462335.0,,0.0
462686.35135135136,0.0,
462875.54054054053,0.0,
463064.7297297297,0.0,
463280.9459459459,0.0,
463335.0,,0.0
463650.7894736842,0.0,
463835.0,0.0,
464019.2105263158,0.0,
464282.36842105264,0.0,
464335.0,,0.0
464627.68292682926,0.0,
464847.1951219512,0.0,
464993.53658536583,0.0,
465286.2195121951,0.0,
465335.0,,0.0
465607.7272727273,0.0,
465789.54545454547,0.0,
466016.8181818182,0.0,
466289.54545454547,0.0,
466335.0,,0.0
466575.0,0.0,
466855.0,0.0,
467035.0,0.0,
467295.0,0.0,
467335.0,,0.0
467554.51219512196,0.0,
467798.4146341463,0.0,
468042.31707317074,0.0,
468286.2195121951,0.0,
468335.0,,0.0
468650.7894736842,0.0,
468861.3157894737,0.0,
469071.84210526315,0.0,
469282.36842105264,0.0,
469335.0,,0.0
469668.3333333333,0.0,
469868.3333333333,0.0,
470090.55555555556,0.0,
470290.55555555556,0.0,
470335.0,,0.0
470555.0,0.0,
470815.0,0.0,
471075.0,0.0,
471295.0,0.0,
471335.0,,0.0
471542.5471698113,0.0,
471768.96226415096,0.0,
472051.9811320755,0.0,
472297.2641509434,0.0,
472335.0,,0.0
472589.90196078434,0.0,
472825.1960784314,0.0,
473060.49019607843,0.0,
473295.7843137255,0.0,
473335.0,,0.0
473580.28301886795,0.0,
473806.69811320753,0.0,
474014.24528301886,0.0,
474297.2641509434,0.0,
474335.0,,0.0
474590.81395348837,0.0,
474800.11627906974,0.0,
475079.18604651163,0.0,
475288.488372093,0.0,
475335.0,,0.0
475605.2702702703,0.0,
475821.4864864865,0.0,
476037.7027027027,0.0,
476280.9459459459,0.0,
476335.0,,0.0
476585.0,0.0,
476810.0,0.0,
477035.0,0.0,
477285.0,0.0,
477335.0,,0.0
477557.22222222225,0.0,
477890.55555555556,0.0,
478090.55555555556,0.0,
478290.55555555556,0.0,
478335.0,,0.0
478661.5306122449,0.0,
478845.20408163266,0.0,
479049.28571428574,0.0,
479294.1836734694,0.0,
479335.0,,0.0
479601.6666666667,0.0,
479801.6666666667,0.0,
480046.1111111111,0.0,
480290.55555555556,0.0,
480335.0,,0.0
480569.0425531915,0.0,
480845.6382978723,0.0,
481058.40425531915,0.0,
481292.44680851063,0.0,
481335.0,,0.0
481632.2972972973,0.0,
481848.5135135135,0.0,
482091.75675675675,0.0,
482280.9459459459,0.0,
482335.0,,0.0
482540.1282051282,0.0,
482822.1794871795,0.0,
482976.0256410256,0.0,
483283.71794871794,0.0,
483335.0,,0.0
483571.84210526315,0.0,
483861.3157894737,0.0,
484098.15789473685,0.0,
484282.36842105264,0.0,
484335.0,,0.0
484501.6666666667,0.0,
484751.6666666667,0.0,
485029.44444444444,0.0,
485279.44444444444,0.0,
485335.0,,0.0
485627.68292682926,0.0,
485847.1951219512,0.0,
486042.31707317074,0.0,
486286.2195121951,0.0,
486335.0,,0.0
486557.22222222225,0.0,
486801.6666666667,0.0,
487023.8888888889,0.0,
487290.55555555556,0.0,
487335.0,,0.0
487612.77777777775,0.0,
487816.48148148146,0.0,
488075.74074074073,0.0,
488297.962962963,0.0,
488335.0,,0.0
488545.5263157895,0.0,
488808.6842105263,0.0,
488992.8947368421,0.0,
489282.36842105264,0.0,
489335.0,,0.0
489571.84210526315,0.0,
489835.0,0.0,
490045.5263157895,0.0,
490282.36842105264,0.0,
490335.0,,0.0
490629.1176470588,0.0,
490776.17647058825,0.0,
491011.4705882353,0.0,
491276.17647058825,0.0,
491335.0,,0.0
491535.0,0.0,
491860.0,0.0,
492110.0,0.0,
492285.0,0.0,
492335.0,,0.0
492639.347826087,0.0,
492878.47826086957,0.0,
493095.8695652174,0.0,
493291.52173913043,0.0,
493335.0,,0.0
493674.62264150946,0.0,
493863.30188679247,0.0,
494089.71698113205,0.0,
494297.2641509434,0.0,
494335.0,,0.0
494605.2702702703,0.0,
494794.45945945947,0.0,
495091.75675675675,0.0,
495280.9459459459,0.0,
495335.0,,0.0
495646.1111111111,0.0,
495890.55555555556,0.0,
496112.77777777775,0.0,
496290.55555555556,0.0,
496335.0,,0.0
496573.09523809527,0.0,
496811.1904761905,0.0,
497049.28571428574,0.0,
497287.38095238095,0.0,
497335.0,,0.0
497552.39130434784,0.0,
497835.0,0.0,
498095.8695652174,0.0,
498291.52173913043,0.0,
498335.0,,0.0
498623.8888888889,0.0,
498890.55555555556,0.0,
499068.3333333333,0.0,
499290.55555555556,0.0,
499335.0,,0.0
499573.09523809527,0.0,
499739.7619047619,0.0,
500049.28571428574,0.0,
500287.38095238095,0.0,
500335.0,,0.0
500652.0731707317,0.0,
500895.9756097561,0.0,
501139.8780487805,0.0,
501286.2195121951,0.0,
501335.0,,0.0
501525.4761904762,0.0,
501811.1904761905,0.0,
502025.4761904762,0.0,
502287.38095238095,0.0,
502335.0,,0.0
502615.0,0.0,
502855.0,0.0,
503135.0,0.0,
503295.0,0.0,
503335.0,,0.0
503578.24324324325,0.0,
503821.4864864865,0.0,
504037.7027027027,0.0,
504280.9459459459,0.0,
504335.0,,0.0
504488.8461538461,0.0,
504770.89743589744,0.0,
505027.3076923077,0.0,
505283.71794871794,0.0,
505335.0,,0.0
505578.9024390244,0.0,
505920.3658536585,0.0,
506091.0975609756,0.0,
506286.2195121951,0.0,
506335.0,,0.0
506555.0,0.0,
506855.0,0.0,
507095.0,0.0,
507295.0,0.0,
507335.0,,0.0
507601.6666666667,0.0,
507868.3333333333,0.0,
508046.1111111111,0.0,
508290.55555555556,0.0,
508335.0,,0.0
508595.0,0.0,
508755.0,0.0,
508995.0,0.0,
509295.0,0.0,
509335.0,,0.0
509704.5652173913,0.0,
509878.47826086957,0.0,
510074.1304347826,0.0,
510291.52173913043,0.0,
510335.0,,0.0
510518.67346938775,0.0,
510804.387755102,0.0,
511008.4693877551,0.0,
511294.1836734694,0.0,
511335.0,,0.0
511647.5,0.0,
511855.8333333333,0.0,
512085.0,0.0,
512293.3333333333,0.0,
512335.0,,0.0
512730.8333333333,0.0,
512960.0,0.0,
513147.5,0.0,
513293.3333333333,0.0,
513335.0,,0.0
513543.3333333333,0.0,
513730.8333333333,0.0,
513980.8333333333,0.0,
514293.3333333333,0.0,
514335.0,,0.0
514632.2972972973,0.0,
514875.54054054053,0.0,
515064.7297297297,0.0,
515280.9459459459,0.0,
515335.0,,0.0
515652.0731707317,0.0,
515847.1951219512,0.0,
516091.0975609756,0.0,
516286.2195121951,0.0,
516335.0,,0.0
516564.1666666667,0.0,
516710.0,0.0,
516980.8333333333,0.0,
517293.3333333333,0.0,
517335.0,,0.0
517598.15789473685,0.0,
517808.6842105263,0.0,
517992.8947368421,0.0,
518282.36842105264,0.0,
518335.0,,0.0
518704.5652173913,0.0,
518856.73913043475,0.0,
519117.60869565216,0.0,
519291.52173913043,0.0,
519335.0,,0.0
519696.7021276596,0.0,
519930.74468085106,0.0,
520079.6808510638,0.0,
520292.44680851063,0.0,
520335.0,,0.0
520620.71428571426,0.0,
520858.8095238095,0.0,
521120.71428571426,0.0,
521287.38095238095,0.0,
521335.0,,0.0
521574.1304347826,0.0,
521921.95652173914,0.0,
522117.60869565216,0.0,
522291.52173913043,0.0,
522335.0,,0.0
522551.2162162162,0.0,
522740.4054054054,0.0,
523010.6756756757,0.0,
523280.9459459459,0.0,
523335.0,,0.0
523567.5581395349,0.0,
523776.8604651163,0.0,
524079.18604651163,0.0,
524288.4883720931,0.0,
524335.0,,0.0
524585.0,0.0,
524789.5454545454,0.0,
525062.2727272727,0.0,
525289.5454545454,0.0,
525335.0,,0.0
525580.283018868,0.0,
525806.6981132076,0.0,
526033.1132075472,0.0,
526297.2641509434,0.0,
526335.0,,0.0
526585.0,0.0,
526793.3333333334,0.0,
527001.6666666666,0.0,
527293.3333333334,0.0,
527335.0,,0.0
527519.2105263158,0.0,
527703.4210526316,0.0,
528045.5263157894,0.0,
528282.3684210526,0.0,
528335.0,,0.0
528573.0952380953,0.0,
528787.380952381,0.0,
529049.2857142857,0.0,
529287.380952381,0.0,
529335.0,,0.0
529617.0512820513,0.0,
529873.4615384615,0.0,
530104.2307692308,0.0,
530283.717948718,0.0,
530335.0,,0.0
530585.0,0.0,
530796.5384615385,0.0,
531046.5384615385,0.0,
531296.5384615385,0.0,
531335.0,,0.0
531632.2972972973,0.0,
531848.5135135135,0.0,
532091.7567567568,0.0,
532280.9459459459,0.0,
532335.0,,0.0
532599.7058823529,0.0,
532805.5882352941,0.0,
533040.8823529412,0.0,
533276.1764705882,0.0,
533335.0,,0.0
533630.4545454546,0.0,
533857.7272727273,0.0,
534085.0,0.0,
534289.5454545454,0.0,
534335.0,,0.0
534573.0952380953,0.0,
534763.5714285715,0.0,
535001.6666666666,0.0,
535287.380952381,0.0,
535335.0,,0.0
535598.1578947369,0.0,
535861.3157894737,0.0,
536098.1578947369,0.0,
536282.3684210526,0.0,
536335.0,,0.0
536631.2962962963,0.0,
536872.0370370371,0.0,
537131.2962962963,0.0,
537297.9629629629,0.0,
537335.0,,0.0
537596.9047619047,0.0,
537787.380952381,0.0,
538073.0952380953,0.0,
538287.380952381,0.0,
538335.0,,0.0
538487.1739130435,0.0,
538813.2608695652,0.0,
539117.6086956522,0.0,
539291.5217391305,0.0,
539335.0,,0.0
539578.2432432432,0.0,
539929.5945945946,0.0,
540091.7567567568,0.0,
540280.9459459459,0.0,
540335.0,,0.0
540575.0,0.0,
540755.0,0.0,
540975.0,0.0,
541295.0,0.0,
541335.0,,0.0
541620.7142857143,0.0,
541835.0,0.0,
542073.0952380953,0.0,
542287.380952381,0.0,
542335.0,,0.0
542574.1304347826,0.0,
542813.2608695652,0.0,
543030.6521739131,0.0,
543291.5217391305,0.0,
543335.0,,0.0
543554.512195122,0.0,
543749.6341463415,0.0,
544017.9268292683,0.0,
544286.2195121951,0.0,
544335.0,,0.0
544693.9743589744,0.0,
544873.4615384615,0.0,
545052.9487179487,0.0,
545283.717948718,0.0,
545335.0,,0.0
545595.8695652174,0.0,
545835.0,0.0,
546095.8695652174,0.0,
546291.5217391305,0.0,
546335.0,,0.0
546661.5306122449,0.0,
546886.0204081633,0.0,
547069.693877551,0.0,
547294.1836734693,0.0,
547335.0,,0.0
547689.1666666666,0.0,
547960.0,0.0,
548105.8333333334,0.0,
548293.3333333334,0.0,
548335.0,,0.0
548531.0784313725,0.0,
548805.5882352941,0.0,
549099.7058823529,0.0,
549295.7843137255,0.0,
549335.0,,0.0
549637.3255813953,0.0,
549869.8837209302,0.0,
550055.9302325582,0.0,
550288.4883720931,0.0,
550335.0,,0.0
550567.5581395349,0.0,
550846.6279069767,0.0,
551079.1860465116,0.0,
551288.4883720931,0.0,
551335.0,,0.0
551646.1111111111,0.0,
551890.5555555555,0.0,
552046.1111111111,0.0,
552290.5555555555,0.0,
552335.0,,0.0
552677.8571428572,0.0,
552849.2857142857,0.0,
553135.0,0.0,
553277.8571428572,0.0,
553335.0,,0.0
553557.2222222222,0.0,
553779.4444444445,0.0,
554046.1111111111,0.0,
554290.5555555555,0.0,
554335.0,,0.0
554617.6086956522,0.0,
554835.0,0.0,
555052.3913043478,0.0,
555291.5217391305,0.0,
555335.0,,0.0
555511.4705882353,0.0,
555687.9411764706,0.0,
556040.8823529412,0.0,
556276.1764705882,0.0,
556335.0,,0.0
556620.7142857143,0.0,
556835.0,0.0,
557025.4761904762,0.0,
557287.380952381,0.0,
557335.0,,0.0
557569.0425531915,0.0,
557760.5319148937,0.0,
558037.1276595745,0.0,
558292.4468085107,0.0,
558335.0,,0.0
558547.7659574468,0.0,
558845.6382978724,0.0,
559100.9574468085,0.0,
559292.4468085107,0.0,
559335.0,,0.0
559585.0,0.0,
559897.5,0.0,
560085.0,0.0,
560293.3333333334,0.0,
560335.0,,0.0
560589.5454545454,0.0,
560880.4545454546,0.0,
561098.6363636364,0.0,
561298.6363636364,0.0,
561335.0,,0.0
561617.6086956522,0.0,
561856.7391304348,0.0,
562117.6086956522,0.0,
562291.5217391305,0.0,
562335.0,,0.0
562668.3333333334,0.0,
562835.0,0.0,
563001.6666666666,0.0,
563297.9629629629,0.0,
563335.0,,0.0
563578.9024390244,0.0,
563822.8048780488,0.0,
564017.9268292683,0.0,
564286.2195121951,0.0,
564335.0,,0.0
564600.306122449,0.0,
564804.387755102,0.0,
565151.3265306122,0.0,
565294.1836734693,0.0,
565335.0,,0.0
565620.7142857143,0.0,
565882.619047619,0.0,
566025.4761904762,0.0,
566287.380952381,0.0,
566335.0,,0.0
566629.1176470588,0.0,
566805.5882352941,0.0,
567040.8823529412,0.0,
567276.1764705882,0.0,
567335.0,,0.0
567512.7777777778,0.0,
567735.0,0.0,
568023.8888888889,0.0,
568290.5555555555,0.0,
568335.0,,0.0
568607.7272727273,0.0,
568766.8181818182,0.0,
569016.8181818182,0.0,
569289.5454545454,0.0,
569335.0,,0.0
569590.3191489362,0.0,
569803.085106383,0.0,
569952.0212765958,0.0,
570292.4468085107,0.0,
570335.0,,0.0
570668.3333333334,0.0,
570847.8205128205,0.0,
571052.9487179487,0.0,
571283.717948718,0.0,
571335.0,,0.0
571607.7272727273,0.0,
571880.4545454546,0.0,
572085.0,0.0,
572289.5454545454,0.0,
572335.0,,0.0
572545.5263157894,0.0,
572913.947368421,0.0,
573071.8421052631,0.0,
573282.3684210526,0.0,
573335.0,,0.0
573579.8979591837,0.0,
573783.9795918367,0.0,
574090.1020408163,0.0,
574294.1836734693,0.0,
574335.0,,0.0
574590.3191489362,0.0,
574888.1914893617,0.0,
575037.1276595745,0.0,
575292.4468085107,0.0,
575335.0,,0.0
575707.0930232558,0.0,
575893.1395348837,0.0,
576102.4418604651,0.0,
576288.4883720931,0.0,
576335.0,,0.0
576649.2857142857,0.0,
576877.8571428572,0.0,
577049.2857142857,0.0,
577277.8571428572,0.0,
577335.0,,0.0
577569.0425531915,0.0,
577824.3617021276,0.0,
578037.1276595745,0.0,
578292.4468085107,0.0,
578335.0,,0.0
578675.0,0.0,
578895.0,0.0,
579095.0,0.0,
579295.0,0.0,
579335.0,,0.0
579567.5581395349,0.0,
579800.1162790698,0.0,
580009.4186046511,0.0,
580288.4883720931,0.0,
580335.0,,0.0
580627.3076923077,0.0,
580888.8461538461,0.0,
581088.8461538461,0.0,
581304.2307692308,0.0,
581335.0,,0.0
581590.8139534884,0.0,
581800.1162790698,0.0,
582009.4186046511,0.0,
582288.4883720931,0.0,
582335.0,,0.0
582579.8979591837,0.0,
582824.7959183673,0.0,
583028.8775510204,0.0,
583294.1836734693,0.0,
583335.0,,0.0
583505.731707317,0.0,
583700.8536585366,0.0,
583944.756097561,0.0,
584286.2195121951,0.0,
584335.0,,0.0
584560.0,0.0,
584860.0,0.0,
585035.0,0.0,
585285.0,0.0,
585335.0,,0.0
585488.8461538461,0.0,
585719.6153846154,0.0,
586001.6666666666,0.0,
586283.717948718,0.0,
586335.0,,0.0
586600.306122449,0.0,
586886.0204081633,0.0,
587069.693877551,0.0,
587294.1836734693,0.0,
587335.0,,0.0
587712.7777777778,0.0,
587912.7777777778,0.0,
588090.5555555555,0.0,
588290.5555555555,0.0,
588335.0,,0.0
588614.0697674418,0.0,
588869.8837209302,0.0,
589055.9302325582,0.0,
589288.4883720931,0.0,
589335.0,,0.0
589601.6666666666,0.0,
589890.5555555555,0.0,
590046.1111111111,0.0,
590290.5555555555,0.0,
590335.0,,0.0
590585.0,0.0,
590835.0,0.0,
591035.0,0.0,
591285.0,0.0,
591335.0,,0.0
591610.0,0.0,
591935.0,0.0,
592085.0,0.0,
592285.0,0.0,
592335.0,,0.0
592614.0697674418,0.0,
592776.8604651163,0.0,
592962.9069767442,0.0,
593288.4883720931,0.0,
593335.0,,0.0
593675.4255319149,0.0,
593888.1914893617,0.0,
594037.1276595745,0.0,
594292.4468085107,0.0,
594335.0,,0.0
594519.2105263158,0.0,
594835.0,0.0,
595071.8421052631,0.0,
595282.3684210526,0.0,
595335.0,,0.0
595482.0588235294,0.0,
595805.5882352941,0.0,
596011.4705882353,0.0,
596276.1764705882,0.0,
596335.0,,0.0
596632.8723404255,0.0,
596866.914893617,0.0,
597058.4042553192,0.0,
597292.4468085107,0.0,
597335.0,,0.0
597544.3023255814,0.0,
597730.3488372093,0.0,
597939.6511627907,0.0,
598288.4883720931,0.0,
598335.0,,0.0
598599.1509433963,0.0,
598863.3018867924,0.0,
599108.5849056604,0.0,
599297.2641509434,0.0,
599335.0,,0.0
599615.0,0.0,
599875.0,0.0,
600115.0,0.0,
600295.0,0.0,
600335.0,,0.0
600579.8979591837,0.0,
600783.9795918367,0.0,
601028.8775510204,0.0,
601294.1836734693,0.0,
601335.0,,0.0
601601.6666666666,0.0,
601801.6666666666,0.0,
602023.8888888889,0.0,
602290.5555555555,0.0,
602335.0,,0.0
602652.0731707317,0.0,
602847.1951219512,0.0,
603042.3170731707,0.0,
603286.2195121951,0.0,
603335.0,,0.0
603508.9130434783,0.0,
603726.304347826,0.0,
603987.1739130435,0.0,
604291.5217391305,0.0,
604335.0,,0.0
604685.0,0.0,
604810.0,0.0,
605060.0,0.0,
605285.0,0.0,
605335.0,,0.0
605668.3333333334,0.0,
605873.4615384615,0.0,
606078.5897435897,0.0,
606283.717948718,0.0,
606335.0,,0.0
606596.9047619047,0.0,
606858.8095238095,0.0,
607120.7142857143,0.0,
607287.380952381,0.0,
607335.0,,0.0
607641.1224489796,0.0,
607865.612244898,0.0,
608049.2857142857,0.0,
608294.1836734693,0.0,
608335.0,,0.0
608681.9387755102,0.0,
608947.2448979592,0.0,
609110.5102040817,0.0,
609294.1836734693,0.0,
609335.0,,0.0
609594.2592592592,0.0,
609853.5185185185,0.0,
610131.2962962963,0.0,
610297.9629629629,0.0,
610335.0,,0.0
610559.4897959183,0.0,
610763.5714285715,0.0,
610988.0612244898,0.0,
611294.1836734693,0.0,
611335.0,,0.0
611508.9130434783,0.0,
611769.7826086957,0.0,
612030.6521739131,0.0,
612291.5217391305,0.0,
612335.0,,0.0
612687.9411764706,0.0,
612884.0196078431,0.0,
613040.8823529412,0.0,
613295.7843137255,0.0,
613335.0,,0.0
613654.1489361703,0.0,
613803.085106383,0.0,
614100.9574468085,0.0,
614292.4468085107,0.0,
614335.0,,0.0
614579.4444444445,0.0,
614957.2222222222,0.0,
615112.7777777778,0.0,
615290.5555555555,0.0,
615335.0,,0.0
615683.8372093023,0.0,
615916.3953488372,0.0,
616079.1860465116,0.0,
616288.4883720931,0.0,
616335.0,,0.0
616539.081632653,0.0,
616783.9795918367,0.0,
617069.693877551,0.0,
617294.1836734693,0.0,
617335.0,,0.0
617627.6829268293,0.0,
617847.1951219512,0.0,
617993.5365853659,0.0,
618286.2195121951,0.0,
618335.0,,0.0
618659.3243243244,0.0,
618875.5405405406,0.0,
619118.7837837838,0.0,
619280.9459459459,0.0,
619335.0,,0.0
619615.0,0.0,
619855.0,0.0,
620095.0,0.0,
620295.0,0.0,
620335.0,,0.0
620540.1282051282,0.0,
620770.8974358974,0.0,
620924.7435897436,0.0,
621283.717948718,0.0,
621335.0,,0.0
621538.7037037037,0.0,
621760.925925926,0.0,
622001.6666666666,0.0,
622297.9629629629,0.0,
622335.0,,0.0
622659.3243243244,0.0,
622875.5405405406,0.0,
623037.7027027027,0.0,
623280.9459459459,0.0,
623335.0,,0.0
623501.6666666666,0.0,
623772.5,0.0,
624001.6666666666,0.0,
624293.3333333334,0.0,
624335.0,,0.0
624627.6829268293,0.0,
624847.1951219512,0.0,
624993.5365853659,0.0,
625286.2195121951,0.0,
625335.0,,0.0
625642.6923076923,0.0,
625835.0,0.0,
626065.7692307692,0.0,
626296.5384615385,0.0,
626335.0,,0.0
626585.0,0.0,
626897.5,0.0,
627105.8333333334,0.0,
627293.3333333334,0.0,
627335.0,,0.0
627635.0,0.0,
627860.0,0.0,
628085.0,0.0,
628285.0,0.0,
628335.0,,0.0
628617.6086956522,0.0,
628856.7391304348,0.0,
629095.8695652174,0.0,
629291.5217391305,0.0,
629335.0,,0.0
629639.3478260869,0.0,
629900.2173913043,0.0,
630074.1304347826,0.0,
630291.5217391305,0.0,
630335.0,,0.0
630456.2121212122,0.0,
630728.9393939395,0.0,
631001.6666666666,0.0,
631274.3939393939,0.0,
631335.0,,0.0
631590.8139534884,0.0,
631823.3720930233,0.0,
632102.4418604651,0.0,
632288.4883720931,0.0,
632335.0,,0.0
632675.9090909091,0.0,
632903.1818181818,0.0,
633062.2727272727,0.0,
633289.5454545454,0.0,
633335.0,,0.0
633675.9090909091,0.0,
633857.7272727273,0.0,
634085.0,0.0,
634289.5454545454,0.0,
634335.0,,0.0
634646.1111111111,0.0,
634868.3333333334,0.0,
635046.1111111111,0.0,
635290.5555555555,0.0,
635335.0,,0.0
635698.6363636364,0.0,
635857.7272727273,0.0,
636085.0,0.0,
636289.5454545454,0.0,
636335.0,,0.0
636635.0,0.0,
636885.0,0.0,
637085.0,0.0,
637285.0,0.0,
637335.0,,0.0
637646.1111111111,0.0,
637823.8888888889,0.0,
638023.8888888889,0.0,
638290.5555555555,0.0,
638335.0,,0.0
638600.306122449,0.0,
638763.5714285715,0.0,
639049.2857142857,0.0,
639294.1836734693,0.0,
639335.0,,0.0
639591.4102564103,0.0,
639924.7435897436,0.0,
640104.2307692308,0.0,
640283.717948718,0.0,
640335.0,,0.0
640617.6086956522,0.0,
640856.7391304348,0.0,
641030.6521739131,0.0,
641291.5217391305,0.0,
641335.0,,0.0
641515.0,0.0,
641795.0,0.0,
642095.0,0.0,
642295.0,0.0,
642335.0,,0.0
642685.0,0.0,
642960.0,0.0,
643110.0,0.0,
643285.0,0.0,
643335.0,,0.0
643603.2926829269,0.0,
643774.0243902439,0.0,
644042.3170731707,0.0,
644286.2195121951,0.0,
644335.0,,0.0
644617.0512820513,0.0,
644873.4615384615,0.0,
645129.8717948718,0.0,
645283.717948718,0.0,
645335.0,,0.0
645570.2941176471,0.0,
645844.8039215687,0.0,
646080.0980392157,0.0,
646295.7843137255,0.0,
646335.0,,0.0
646715.9523809524,0.0,
646906.4285714285,0.0,
647168.3333333334,0.0,
647287.380952381,0.0,
647335.0,,0.0
647579.8979591837,0.0,
647763.5714285715,0.0,
648028.8775510204,0.0,
648294.1836734693,0.0,
648335.0,,0.0
648616.25,0.0,
648866.25,0.0,
649022.5,0.0,
649272.5,0.0,
649335.0,,0.0
649554.512195122,0.0,
649774.0243902439,0.0,
650066.7073170731,0.0,
650286.2195121951,0.0,
650335.0,,0.0
650501.6666666666,0.0,
650835.0,0.0,
651073.0952380953,0.0,
651287.380952381,0.0,
651335.0,,0.0
651603.2926829269,0.0,
651822.8048780488,0.0,
652042.3170731707,0.0,
652286.2195121951,0.0,
652335.0,,0.0
652620.7142857143,0.0,
652811.1904761905,0.0,
653049.2857142857,0.0,
653287.380952381,0.0,
653335.0,,0.0
653682.8260869565,0.0,
653856.7391304348,0.0,
654074.1304347826,0.0,
654291.5217391305,0.0,
654335.0,,0.0
654562.2727272727,0.0,
654880.4545454546,0.0,
655016.8181818182,0.0,
655289.5454545454,0.0,
655335.0,,0.0
655488.8461538461,0.0,
655719.6153846154,0.0,
656027.3076923077,0.0,
656283.717948718,0.0,
656335.0,,0.0
656540.1282051282,0.0,
656822.1794871795,0.0,
657001.6666666666,0.0,
657283.717948718,0.0,
657335.0,,0.0
657652.0731707317,0.0,
657871.5853658536,0.0,
658017.9268292683,0.0,
658286.2195121951,0.0,
658335.0,,0.0
658590.8139534884,0.0,
658730.3488372093,0.0,
658986.1627906977,0.0,
659288.4883720931,0.0,
659335.0,,0.0
659578.2432432432,0.0,
659713.3783783783,0.0,
659956.6216216217,0.0,
660280.9459459459,0.0,
660335.0,,0.0
660635.0,0.0,
660810.0,0.0,
661085.0,0.0,
661285.0,0.0,
661335.0,,0.0
661596.9047619047,0.0,
661835.0,0.0,
662049.2857142857,0.0,
662287.380952381,0.0,
662335.0,,0.0
662630.4545454546,0.0,
662812.2727272727,0.0,
663016.8181818182,0.0,
663289.5454545454,0.0,
663335.0,,0.0
663554.512195122,0.0,
663774.0243902439,0.0,
663993.5365853659,0.0,
664286.2195121951,0.0,
664335.0,,0.0
664492.8947368421,0.0,
664808.6842105263,0.0,
664992.8947368421,0.0,
665282.3684210526,0.0,
665335.0,,0.0
665592.1428571428,0.0,
665877.8571428572,0.0,
666106.4285714285,0.0,
666277.8571428572,0.0,
666335.0,,0.0
666600.306122449,0.0,
666845.2040816327,0.0,
667090.1020408163,0.0,
667294.1836734693,0.0,
667335.0,,0.0
667623.8888888889,0.0,
667846.1111111111,0.0,
668090.5555555555,0.0,
668290.5555555555,0.0,
668335.0,,0.0
668642.6923076923,0.0,
668822.1794871795,0.0,
669052.9487179487,0.0,
669283.717948718,0.0,
669335.0,,0.0
669660.5813953489,0.0,
669846.6279069767,0.0,
670079.1860465116,0.0,
670288.4883720931,0.0,
670335.0,,0.0
670686.3513513514,0.0,
670902.5675675676,0.0,
671091.7567567568,0.0,
671280.9459459459,0.0,
671335.0,,0.0
671545.5263157894,0.0,
671808.6842105263,0.0,
672098.1578947369,0.0,
672282.3684210526,0.0,
672335.0,,0.0
672557.2222222222,0.0,
672757.2222222222,0.0,
673046.1111111111,0.0,
673290.5555555555,0.0,
673335.0,,0.0
673525.4761904762,0.0,
673739.7619047619,0.0,
674025.4761904762,0.0,
674287.380952381,0.0,
674335.0,,0.0
674596.9047619047,0.0,
674858.8095238095,0.0,
675096.9047619047,0.0,
675287.380952381,0.0,
675335.0,,0.0
675573.0952380953,0.0,
675715.9523809524,0.0,
675977.8571428572,0.0,
676287.380952381,0.0,
676335.0,,0.0
676611.5957446808,0.0,
676866.914893617,0.0,
677037.1276595745,0.0,
677292.4468085107,0.0,
677335.0,,0.0
677644.5238095238,0.0,
677858.8095238095,0.0,
678049.2857142857,0.0,
678287.380952381,0.0,
678335.0,,0.0
678642.6923076923,0.0,
678822.1794871795,0.0,
679052.9487179487,0.0,
679283.717948718,0.0,
679335.0,,0.0
679527.3076923077,0.0,
679873.4615384615,0.0,
680104.2307692308,0.0,
680296.5384615385,0.0,
680335.0,,0.0
680603.2926829269,0.0,
680871.5853658536,0.0,
681066.7073170731,0.0,
681286.2195121951,0.0,
681335.0,,0.0
681646.1111111111,0.0,
681846.1111111111,0.0,
682068.3333333334,0.0,
682290.5555555555,0.0,
682335.0,,0.0
682595.8695652174,0.0,
682856.7391304348,0.0,
683052.3913043478,0.0,
683291.5217391305,0.0,
683335.0,,0.0
683603.2926829269,0.0,
683871.5853658536,0.0,
684091.0975609756,0.0,
684286.2195121951,0.0,
684335.0,,0.0
684620.7142857143,0.0,
684811.1904761905,0.0,
685073.0952380953,0.0,
685287.380952381,0.0,
685335.0,,0.0
685544.3023255814,0.0,
685823.3720930233,0.0,
686055.9302325582,0.0,
686288.4883720931,0.0,
686335.0,,0.0
686661.5306122449,0.0,
686886.0204081633,0.0,
687110.5102040817,0.0,
687294.1836734693,0.0,
687335.0,,0.0
687519.2105263158,0.0,
687808.6842105263,0.0,
687966.5789473684,0.0,
688282.3684210526,0.0,
688335.0,,0.0
688641.1224489796,0.0,
688845.2040816327,0.0,
689069.693877551,0.0,
689294.1836734693,0.0,
689335.0,,0.0
689629.1176470588,0.0,
689835.0,0.0,
690040.8823529412,0.0,
690276.1764705882,0.0,
690335.0,,0.0
690580.283018868,0.0,
690806.6981132076,0.0,
691033.1132075472,0.0,
691297.2641509434,0.0,
691335.0,,0.0
691579.8979591837,0.0,
691824.7959183673,0.0,
692090.1020408163,0.0,
692294.1836734693,0.0,
692335.0,,0.0
692675.4255319149,0.0,
692845.6382978724,0.0,
693015.8510638297,0.0,
693292.4468085107,0.0,
693335.0,,0.0
693565.7692307692,0.0,
693873.4615384615,0.0,
694129.8717948718,0.0,
694283.717948718,0.0,
694335.0,,0.0
694632.2972972973,0.0,
694902.5675675676,0.0,
695064.7297297297,0.0,
695280.9459459459,0.0,
695335.0,,0.0
695594.2592592592,0.0,
695760.925925926,0.0,
696075.7407407408,0.0,
696297.9629629629,0.0,
696335.0,,0.0
696633.245614035,0.0,
696896.4035087719,0.0,
697124.4736842106,0.0,
697299.9122807018,0.0,
697335.0,,0.0
697655.0,0.0,
697835.0,0.0,
698115.0,0.0,
698295.0,0.0,
698335.0,,0.0
698565.7692307692,0.0,
698719.6153846154,0.0,
699052.9487179487,0.0,
699283.717948718,0.0,
699335.0,,0.0
699530.1219512195,0.0,
699847.1951219512,0.0,
700066.7073170731,0.0,
700286.2195121951,0.0,
700335.0,,0.0
700689.1666666666,0.0,
700876.6666666666,0.0,
701085.0,0.0,
701293.3333333334,0.0,
701335.0,,0.0
701579.4444444445,0.0,
701779.4444444445,0.0,
702068.3333333334,0.0,
702290.5555555555,0.0,
702335.0,,0.0
702562.2727272727,0.0,
702812.2727272727,0.0,
703039.5454545454,0.0,
703289.5454545454,0.0,
703335.0,,0.0
703620.7142857143,0.0,
703882.619047619,0.0,
704049.2857142857,0.0,
704287.380952381,0.0,
704335.0,,0.0
704642.6923076923,0.0,
704847.8205128205,0.0,
705027.3076923077,0.0,
705283.717948718,0.0,
705335.0,,0.0
705590.8139534884,0.0,
705846.6279069767,0.0,
706079.1860465116,0.0,
706288.4883720931,0.0,
706335.0,,0.0
706609.5098039216,0.0,
706884.0196078431,0.0,
707060.4901960784,0.0,
707295.7843137255,0.0,
707335.0,,0.0
707775.0,0.0,
707975.0,0.0,
708135.0,0.0,
708295.0,0.0,
708335.0,,0.0
708635.0,0.0,
708835.0,0.0,
709035.0,0.0,
709295.0,0.0,
709335.0,,0.0
709595.0,0.0,
709815.0,0.0,
710075.0,0.0,
710295.0,0.0,
710335.0,,0.0
710630.4545454546,0.0,
710812.2727272727,0.0,
711039.5454545454,0.0,
711289.5454545454,0.0,
711335.0,,0.0
711591.4102564103,0.0,
711822.1794871795,0.0,
712027.3076923077,0.0,
712283.717948718,0.0,
712335.0,,0.0
712635.0,0.0,
712815.0,0.0,
713035.0,0.0,
713295.0,0.0,
713335.0,,0.0
713611.5957446808,0.0,
713803.085106383,0.0,
714037.1276595745,0.0,
714292.4468085107,0.0,
714335.0,,0.0
714712.7777777778,0.0,
714935.0,0.0,
715112.7777777778,0.0,
715290.5555555555,0.0,
715335.0,,0.0
715611.5957446808,0.0,
715803.085106383,0.0,
715973.2978723404,0.0,
716292.4468085107,0.0,
716335.0,,0.0
716574.1304347826,0.0,
716769.7826086957,0.0,
717030.6521739131,0.0,
717291.5217391305,0.0,
717335.0,,0.0
717562.2727272727,0.0,
717812.2727272727,0.0,
717994.0909090909,0.0,
718289.5454545454,0.0,
718335.0,,0.0
718545.5263157894,0.0,
718756.052631579,0.0,
719071.8421052631,0.0,
719282.3684210526,0.0,
719335.0,,0.0
719668.3333333334,0.0,
719822.1794871795,0.0,
720104.2307692308,0.0,
720283.717948718,0.0,
720335.0,,0.0
720530.1219512195,0.0,
720822.8048780488,0.0,
721091.0975609756,0.0,
721286.2195121951,0.0,
721335.0,,0.0
721543.3333333334,0.0,
721855.8333333334,0.0,
722001.6666666666,0.0,
722293.3333333334,0.0,
722335.0,,0.0
722599.1509433963,0.0,
722787.8301886793,0.0,
723070.8490566037,0.0,
723297.2641509434,0.0,
723335.0,,0.0
723712.7777777778,0.0,
723890.5555555555,0.0,
724090.5555555555,0.0,
724290.5555555555,0.0,
724335.0,,0.0
724567.5581395349,0.0,
724823.3720930233,0.0,
725055.9302325582,0.0,
725288.4883720931,0.0,
725335.0,,0.0
725519.2105263158,0.0,
725808.6842105263,0.0,
726045.5263157894,0.0,
726282.3684210526,0.0,
726335.0,,0.0
726686.3513513514,0.0,
726821.4864864865,0.0,
727064.7297297297,0.0,
727280.9459459459,0.0,
727335.0,,0.0
727611.5957446808,0.0,
727845.6382978724,0.0,
728100.9574468085,0.0,
728292.4468085107,0.0,
728335.0,,0.0
728615.0,0.0,
728835.0,0.0,
729095.0,0.0,
729295.0,0.0,
729335.0,,0.0
729585.0,0.0,
729862.7777777778,0.0,
730057.2222222222,0.0,
730279.4444444445,0.0,
730335.0,,0.0
730616.25,0.0,
730866.25,0.0,
731085.0,0.0,
731272.5,0.0,
731335.0,,0.0
731567.5581395349,0.0,
731800.1162790698,0.0,
732055.9302325582,0.0,
732288.4883720931,0.0,
732335.0,,0.0
732590.3191489362,0.0,
732824.3617021276,0.0,
733079.6808510638,0.0,
733292.4468085107,0.0,
733335.0,,0.0
733569.0425531915,0.0,
733803.085106383,0.0,
734122.2340425532,0.0,
734292.4468085107,0.0,
734335.0,,0.0
734713.3783783783,0.0,
734902.5675675676,0.0,
735064.7297297297,0.0,
735280.9459459459,0.0,
735335.0,,0.0
735611.5957446808,0.0,
735845.6382978724,0.0,
736037.1276595745,0.0,
736292.4468085107,0.0,
736335.0,,0.0
736571.8421052631,0.0,
736729.7368421053,0.0,
736913.947368421,0.0,
737282.3684210526,0.0,
737335.0,,0.0
737585.0,0.0,
737779.4444444445,0.0,
738029.4444444445,0.0,
738279.4444444445,0.0,
738335.0,,0.0
738585.0,0.0,
738744.0909090909,0.0,
739039.5454545454,0.0,
739289.5454545454,0.0,
739335.0,,0.0
739610.0,0.0,
739835.0,0.0,
740085.0,0.0,
740285.0,0.0,
740335.0,,0.0
740661.0869565217,0.0,
740856.7391304348,0.0,
741052.3913043478,0.0,
741291.5217391305,0.0,
741335.0,,0.0
741595.8695652174,0.0,
741835.0,0.0,
742074.1304347826,0.0,
742291.5217391305,0.0,
742335.0,,0.0
742567.5581395349,0.0,
742823.3720930233,0.0,
743102.4418604651,0.0,
743288.4883720931,0.0,
743335.0,,0.0
743712.7777777778,0.0,
743957.2222222222,0.0,
744135.0,0.0,
744290.5555555555,0.0,
744335.0,,0.0
744620.7142857143,0.0,
744930.2380952381,0.0,
745049.2857142857,0.0,
745287.380952381,0.0,
745335.0,,0.0
745540.8823529412,0.0,
745864.4117647059,0.0,
746070.2941176471,0.0,
746276.1764705882,0.0,
746335.0,,0.0
746551.2162162162,0.0,
746794.4594594594,0.0,
747037.7027027027,0.0,
747280.9459459459,0.0,
747335.0,,0.0
747610.0,0.0,
747885.0,0.0,
748060.0,0.0,
748285.0,0.0,
748335.0,,0.0
748668.3333333334,0.0,
748873.4615384615,0.0,
749052.9487179487,0.0,
749283.717948718,0.0,
749335.0,,0.0
749603.2926829269,0.0,
749822.8048780488,0.0,
750091.0975609756,0.0,
750286.2195121951,0.0,
750335.0,,0.0
750611.5957446808,0.0,
750824.3617021276,0.0,
751058.4042553192,0.0,
751292.4468085107,0.0,
751335.0,,0.0
751519.2105263158,0.0,
751835.0,0.0,
751992.8947368421,0.0,
752282.3684210526,0.0,
752335.0,,0.0
752585.0,0.0,
752924.2857142857,0.0,
753031.4285714285,0.0,
753299.2857142857,0.0,
753335.0,,0.0
753620.7142857143,0.0,
753787.380952381,0.0,
754096.9047619047,0.0,
754287.380952381,0.0,
754335.0,,0.0
754554.512195122,0.0,
754822.8048780488,0.0,
755091.0975609756,0.0,
755286.2195121951,0.0,
755335.0,,0.0
755630.4545454546,0.0,
755857.7272727273,0.0,
756085.0,0.0,
756289.5454545454,0.0,
756335.0,,0.0
756540.1282051282,0.0,
756796.5384615385,0.0,
757001.6666666666,0.0,
757283.717948718,0.0,
757335.0,,0.0
757611.5957446808,0.0,
757845.6382978724,0.0,
758143.5106382979,0.0,
758292.4468085107,0.0,
758335.0,,0.0
758617.0512820513,0.0,
758847.8205128205,0.0,
759052.9487179487,0.0,
759283.717948718,0.0,
759335.0,,0.0
759623.8888888889,0.0,
759846.1111111111,0.0,
760068.3333333334,0.0,
760290.5555555555,0.0,
760335.0,,0.0
760535.0,0.0,
760757.2222222222,0.0,
760957.2222222222,0.0,
761290.5555555555,0.0,
761335.0,,0.0
761637.3255813953,0.0,
761869.8837209302,0.0,
762148.9534883721,0.0,
762288.4883720931,0.0,
762335.0,,0.0
762641.1224489796,0.0,
762824.7959183673,0.0,
763069.693877551,0.0,
763294.1836734693,0.0,
763335.0,,0.0
763707.5490196078,0.0,
763884.0196078431,0.0,
764060.4901960784,0.0,
764295.7843137255,0.0,
764335.0,,0.0
764645.3448275862,0.0,
764886.724137931,0.0,
765093.6206896552,0.0,
765300.5172413794,0.0,
765335.0,,0.0
765659.3243243244,0.0,
765875.5405405406,0.0,
766118.7837837838,0.0,
766280.9459459459,0.0,
766335.0,,0.0
766505.731707317,0.0,
766749.6341463415,0.0,
766993.5365853659,0.0,
767286.2195121951,0.0,
767335.0,,0.0
767596.9047619047,0.0,
767858.8095238095,0.0,
768073.0952380953,0.0,
768287.380952381,0.0,
768335.0,,0.0
768490.5555555555,0.0,
768735.0,0.0,
769090.5555555555,0.0,
769290.5555555555,0.0,
769335.0,,0.0
769653.1818181818,0.0,
769835.0,0.0,
770016.8181818182,0.0,
770289.5454545454,0.0,
770335.0,,0.0
770539.081632653,0.0,
770804.387755102,0.0,
771049.2857142857,0.0,
771294.1836734693,0.0,
771335.0,,0.0
771611.5957446808,0.0,
771845.6382978724,0.0,
772037.1276595745,0.0,
772292.4468085107,0.0,
772335.0,,0.0
772668.3333333334,0.0,
772950.3846153846,0.0,
773078.5897435897,0.0,
773283.717948718,0.0,
773335.0,,0.0
773567.5581395349,0.0,
773823.3720930233,0.0,
774032.6744186047,0.0,
774288.4883720931,0.0,
774335.0,,0.0
774560.0,0.0,
774785.0,0.0,
775060.0,0.0,
775285.0,0.0,
775335.0,,0.0
775539.5454545454,0.0,
775744.0909090909,0.0,
775994.0909090909,0.0,
776289.5454545454,0.0,
776335.0,,0.0
776652.0731707317,0.0,
776920.3658536585,0.0,
777115.487804878,0.0,
777286.2195121951,0.0,
777335.0,,0.0
777539.5454545454,0.0,
777835.0,0.0,
778062.2727272727,0.0,
778289.5454545454,0.0,
778335.0,,0.0
778611.5957446808,0.0,
778909.4680851063,0.0,
779058.4042553192,0.0,
779292.4468085107,0.0,
779335.0,,0.0
779668.3333333334,0.0,
779807.2222222222,0.0,
780057.2222222222,0.0,
780279.4444444445,0.0,
780335.0,,0.0
780681.9387755102,0.0,
780845.2040816327,0.0,
781090.1020408163,0.0,
781294.1836734693,0.0,
781335.0,,0.0
781595.8695652174,0.0,
781856.7391304348,0.0,
782095.8695652174,0.0,
782291.5217391305,0.0,
782335.0,,0.0
782687.9411764706,0.0,
782923.2352941176,0.0,
783080.0980392157,0.0,
783295.7843137255,0.0,
783335.0,,0.0
783560.8064516129,0.0,
783818.8709677419,0.0,
784012.4193548387,0.0,
784270.4838709678,0.0,
784335.0,,0.0
784565.7692307692,0.0,
784796.5384615385,0.0,
785052.9487179487,0.0,
785283.717948718,0.0,
785335.0,,0.0
785630.4545454546,0.0,
785857.7272727273,0.0,
786085.0,0.0,
786289.5454545454,0.0,
786335.0,,0.0
786549.2857142857,0.0,
786835.0,0.0,
787025.4761904762,0.0,
787287.380952381,0.0,
787335.0,,0.0
787575.7407407408,0.0,
787705.3703703703,0.0,
787983.1481481482,0.0,
788297.9629629629,0.0,
788335.0,,0.0
788519.2105263158,0.0,
788729.7368421053,0.0,
789045.5263157894,0.0,
789282.3684210526,0.0,
789335.0,,0.0
789605.8333333334,0.0,
789835.0,0.0,
790043.3333333334,0.0,
790293.3333333334,0.0,
790335.0,,0.0
790567.5581395349,0.0,
790800.1162790698,0.0,
791009.4186046511,0.0,
791288.4883720931,0.0,
791335.0,,0.0
791560.0,0.0,
791835.0,0.0,
792085.0,0.0,
792285.0,0.0,
792335.0,,0.0
792646.1111111111,0.0,
792868.3333333334,0.0,
793068.3333333334,0.0,
793290.5555555555,0.0,
793335.0,,0.0
793585.0,0.0,
793779.4444444445,0.0,
794029.4444444445,0.0,
794279.4444444445,0.0,
794335.0,,0.0
794535.0,0.0,
794779.4444444445,0.0,
795046.1111111111,0.0,
795290.5555555555,0.0,
795335.0,,0.0
795611.5957446808,0.0,
795845.6382978724,0.0,
796100.9574468085,0.0,
796292.4468085107,0.0,
796335.0,,0.0
796564.1666666666,0.0,
796835.0,0.0,
797085.0,0.0,
797293.3333333334,0.0,
797335.0,,0.0
797590.3191489362,0.0,
797781.8085106383,0.0,
798122.2340425532,0.0,
798292.4468085107,0.0,
798335.0,,0.0
798530.1219512195,0.0,
798822.8048780488,0.0,
799017.9268292683,0.0,
799286.2195121951,0.0,
799335.0,,0.0
799681.9387755102,0.0,
799926.8367346938,0.0,
800069.693877551,0.0,
800294.1836734693,0.0,
800335.0,,0.0
800585.0,0.0,
800880.4545454546,0.0,
801130.4545454546,0.0,
801289.5454545454,0.0,
801335.0,,0.0
801740.4054054054,0.0,
801956.6216216217,0.0,
802145.8108108108,0.0,
802280.9459459459,0.0,
802335.0,,0.0
802598.1578947369,0.0,
802808.6842105263,0.0,
803019.2105263158,0.0,
803282.3684210526,0.0,
803335.0,,0.0
803698.6363636364,0.0,
803880.4545454546,0.0,
804085.0,0.0,
804289.5454545454,0.0,
804335.0,,0.0
804549.2857142857,0.0,
804715.9523809524,0.0,
805001.6666666666,0.0,
805287.380952381,0.0,
805335.0,,0.0
805535.0,0.0,
805735.0,0.0,
805992.1428571428,0.0,
806277.8571428572,0.0,
806335.0,,0.0
806690.5555555555,0.0,
806846.1111111111,0.0,
807090.5555555555,0.0,
807290.5555555555,0.0,
807335.0,,0.0
807647.5,0.0,
807897.5,0.0,
808105.8333333334,0.0,
808293.3333333334,0.0,
808335.0,,0.0
808487.1739130435,0.0,
808769.7826086957,0.0,
808987.1739130435,0.0,
809291.5217391305,0.0,
809335.0,,0.0
809647.5,0.0,
809855.8333333334,0.0,
810105.8333333334,0.0,
810293.3333333334,0.0,
810335.0,,0.0
810595.8695652174,0.0,
810813.2608695652,0.0,
811008.9130434783,0.0,
811291.5217391305,0.0,
811335.0,,0.0
811567.5581395349,0.0,
811707.0930232558,0.0,
812032.6744186047,0.0,
812288.4883720931,0.0,
812335.0,,0.0
812569.0425531915,0.0,
812845.6382978724,0.0,
813079.6808510638,0.0,
813292.4468085107,0.0,
813335.0,,0.0
813648.725490196,0.0,
813844.8039215687,0.0,
814099.7058823529,0.0,
814295.7843137255,0.0,
814335.0,,0.0
814620.7142857143,0.0,
814967.6530612245,0.0,
815130.918367347,0.0,
815294.1836734693,0.0,
815335.0,,0.0
815546.5384615385,0.0,
815835.0,0.0,
816123.4615384615,0.0,
816296.5384615385,0.0,
816335.0,,0.0
816660.0,0.0,
816860.0,0.0,
817085.0,0.0,
817285.0,0.0,
817335.0,,0.0
817544.3023255814,0.0,
817753.6046511628,0.0,
818032.6744186047,0.0,
818288.4883720931,0.0,
818335.0,,0.0
818615.0,0.0,
818875.0,0.0,
819055.0,0.0,
819295.0,0.0,
819335.0,,0.0
819632.8723404255,0.0,
819845.6382978724,0.0,
820100.9574468085,0.0,
820292.4468085107,0.0,
820335.0,,0.0
820661.0869565217,0.0,
820878.4782608695,0.0,
821074.1304347826,0.0,
821291.5217391305,0.0,
821335.0,,0.0
821585.0,0.0,
821772.5,0.0,
822022.5,0.0,
822293.3333333334,0.0,
822335.0,,0.0
822579.8979591837,0.0,
822967.6530612245,0.0,
823151.3265306122,0.0,
823294.1836734693,0.0,
823335.0,,0.0
823544.3023255814,0.0,
823776.8604651163,0.0,
824079.1860465116,0.0,
824288.4883720931,0.0,
824335.0,,0.0
824721.3636363636,0.0,
824925.9090909091,0.0,
825130.4545454546,0.0,
825289.5454545454,0.0,
825335.0,,0.0
825510.0,0.0,
825810.0,0.0,
826035.0,0.0,
826285.0,0.0,
826335.0,,0.0
826557.2222222222,0.0,
826846.1111111111,0.0,
827068.3333333334,0.0,
827290.5555555555,0.0,
827335.0,,0.0
827668.3333333334,0.0,
827846.1111111111,0.0,
828068.3333333334,0.0,
828290.5555555555,0.0,
828335.0,,0.0
828595.8695652174,0.0,
828856.7391304348,0.0,
829095.8695652174,0.0,
829291.5217391305,0.0,
829335.0,,0.0
829641.1224489796,0.0,
829886.0204081633,0.0,
830151.3265306122,0.0,
830294.1836734693,0.0,
830335.0,,0.0
830585.0,0.0,
830730.8333333334,0.0,
830960.0,0.0,
831293.3333333334,0.0,
831335.0,,0.0
831596.9047619047,0.0,
831835.0,0.0,
832096.9047619047,0.0,
832287.380952381,0.0,
832335.0,,0.0
832646.1111111111,0.0,
832868.3333333334,0.0,
833112.7777777778,0.0,
833290.5555555555,0.0,
833335.0,,0.0
833519.2105263158,0.0,
833835.0,0.0,
834150.7894736842,0.0,
834282.3684210526,0.0,
834335.0,,0.0
834635.0,0.0,
834815.0,0.0,
835035.0,0.0,
835295.0,0.0,
835335.0,,0.0
835682.8260869565,0.0,
835878.4782608695,0.0,
836074.1304347826,0.0,
836291.5217391305,0.0,
836335.0,,0.0
836539.5454545454,0.0,
836812.2727272727,0.0,
837039.5454545454,0.0,
837289.5454545454,0.0,
837335.0,,0.0
837601.6666666666,0.0,
837846.1111111111,0.0,
838023.8888888889,0.0,
838290.5555555555,0.0,
838335.0,,0.0
838510.0,0.0,
838685.0,0.0,
838985.0,0.0,
839285.0,0.0,
839335.0,,0.0
839627.6829268293,0.0,
839774.0243902439,0.0,
839969.1463414634,0.0,
840286.2195121951,0.0,
840335.0,,0.0
840635.0,0.0,
840835.0,0.0,
841055.0,0.0,
841295.0,0.0,
841335.0,,0.0
841596.9047619047,0.0,
841811.1904761905,0.0,
842073.0952380953,0.0,
842287.380952381,0.0,
842335.0,,0.0
842585.0,0.0,
842835.0,0.0,
843085.0,0.0,
843293.3333333334,0.0,
843335.0,,0.0
843649.2857142857,0.0,
843763.5714285715,0.0,
843963.5714285715,0.0,
844277.8571428572,0.0,
844335.0,,0.0
844610.0,0.0,
844760.0,0.0,
845035.0,0.0,
845285.0,0.0,
845335.0,,0.0
845564.1666666666,0.0,
845751.6666666666,0.0,
845980.8333333334,0.0,
846293.3333333334,0.0,
846335.0,,0.0
846547.7659574468,0.0,
846803.085106383,0.0,
847079.6808510638,0.0,
847292.4468085107,0.0,
847335.0,,0.0
847620.7142857143,0.0,
847906.4285714285,0.0,
848069.693877551,0.0,
848294.1836734693,0.0,
848335.0,,0.0
848590.8139534884,0.0,
848776.8604651163,0.0,
849032.6744186047,0.0,
849288.4883720931,0.0,
849335.0,,0.0
849722.7551020408,0.0,
849845.2040816327,0.0,
850090.1020408163,0.0,
850294.1836734693,0.0,
850335.0,,0.0
850642.6923076923,0.0,
850847.8205128205,0.0,
851052.9487179487,0.0,
851283.717948718,0.0,
851335.0,,0.0
851692.1428571428,0.0,
851930.2380952381,0.0,
852096.9047619047,0.0,
852287.380952381,0.0,
852335.0,,0.0
852505.731707317,0.0,
852822.8048780488,0.0,
853066.7073170731,0.0,
853286.2195121951,0.0,
853335.0,,0.0
853605.8333333334,0.0,
853814.1666666666,0.0,
854064.1666666666,0.0,
854293.3333333334,0.0,
854335.0,,0.0
854710.0,0.0,
854855.8333333334,0.0,
855126.6666666666,0.0,
855293.3333333334,0.0,
855335.0,,0.0
855585.0,0.0,
855721.3636363636,0.0,
855948.6363636364,0.0,
856289.5454545454,0.0,
856335.0,,0.0
856573.0952380953,0.0,
856835.0,0.0,
857001.6666666666,0.0,
857287.380952381,0.0,
857335.0,,0.0
857638.0303030303,0.0,
857789.5454545454,0.0,
858031.9696969697,0.0,
858274.3939393939,0.0,
858335.0,,0.0
858693.4905660377,0.0,
858863.3018867924,0.0,
859070.8490566037,0.0,
859297.2641509434,0.0,
859335.0,,0.0
859627.6829268293,0.0,
859798.4146341464,0.0,
859993.5365853659,0.0,
860286.2195121951,0.0,
860335.0,,0.0
860488.8461538461,0.0,
860796.5384615385,0.0,
861001.6666666666,0.0,
861283.717948718,0.0,
861335.0,,0.0
861565.7692307692,0.0,
861770.8974358974,0.0,
862027.3076923077,0.0,
862283.717948718,0.0,
862335.0,,0.0
862542.5471698113,0.0,
862787.8301886793,0.0,
863089.716981132,0.0,
863297.2641509434,0.0,
863335.0,,0.0
863668.3333333334,0.0,
863868.3333333334,0.0,
864046.1111111111,0.0,
864290.5555555555,0.0,
864335.0,,0.0
864682.8260869565,0.0,
864987.1739130435,0.0,
865139.3478260869,0.0,
865291.5217391305,0.0,
865335.0,,0.0
865660.0,0.0,
865960.0,0.0,
866110.0,0.0,
866285.0,0.0,
866335.0,,0.0
866614.0697674418,0.0,
866893.1395348837,0.0,
867102.4418604651,0.0,
867288.4883720931,0.0,
867335.0,,0.0
867570.2941176471,0.0,
867766.3725490196,0.0,
868040.8823529412,0.0,
868295.7843137255,0.0,
868335.0,,0.0
868557.2222222222,0.0,
868797.9629629629,0.0,
869001.6666666666,0.0,
869297.9629629629,0.0,
869335.0,,0.0
869574.1304347826,0.0,
869769.7826086957,0.0,
870030.6521739131,0.0,
870291.5217391305,0.0,
870335.0,,0.0
870600.306122449,0.0,
870824.7959183673,0.0,
871049.2857142857,0.0,
871294.1836734693,0.0,
871335.0,,0.0
871590.3191489362,0.0,
871824.3617021276,0.0,
872100.9574468085,0.0,
872292.4468085107,0.0,
872335.0,,0.0
872650.7894736842,0.0,
872887.6315789474,0.0,
873071.8421052631,0.0,
873282.3684210526,0.0,
873335.0,,0.0
873589.9019607843,0.0,
873825.1960784313,0.0,
874099.7058823529,0.0,
874295.7843137255,0.0,
874335.0,,0.0
874604.2307692308,0.0,
874911.9230769231,0.0,
875085.0,0.0,
875296.5384615385,0.0,
875335.0,,0.0
875505.2127659575,0.0,
875781.8085106383,0.0,
875994.5744680851,0.0,
876292.4468085107,0.0,
876335.0,,0.0
876565.7692307692,0.0,
876822.1794871795,0.0,
877052.9487179487,0.0,
877283.717948718,0.0,
877335.0,,0.0
877660.5813953489,0.0,
877846.6279069767,0.0,
878055.9302325582,0.0,
878288.4883720931,0.0,
878335.0,,0.0
878555.0,0.0,
878855.0,0.0,
879095.0,0.0,
879295.0,0.0,
879335.0,,0.0
879578.9024390244,0.0,
879847.1951219512,0.0,
880066.7073170731,0.0,
880286.2195121951,0.0,
880335.0,,0.0
880595.8695652174,0.0,
880835.0,0.0,
881117.6086956522,0.0,
881291.5217391305,0.0,
881335.0,,0.0
881601.6666666666,0.0,
881912.7777777778,0.0,
882112.7777777778,0.0,
882290.5555555555,0.0,
882335.0,,0.0
882639.3478260869,0.0,
882835.0,0.0,
883117.6086956522,0.0,
883291.5217391305,0.0,
883335.0,,0.0
883591.4102564103,0.0,
883873.4615384615,0.0,
884078.5897435897,0.0,
884283.717948718,0.0,
884335.0,,0.0
884544.3023255814,0.0,
884893.1395348837,0.0,
885055.9302325582,0.0,
885288.4883720931,0.0,
885335.0,,0.0
885668.3333333334,0.0,
885864.4117647059,0.0,
886001.6666666666,0.0,
886295.7843137255,0.0,
886335.0,,0.0
886627.6829268293,0.0,
886847.1951219512,0.0,
887017.9268292683,0.0,
887286.2195121951,0.0,
887335.0,,0.0
887565.7692307692,0.0,
887770.8974358974,0.0,
888129.8717948718,0.0,
888283.717948718,0.0,
888335.0,,0.0
888524.1891891892,0.0,
888794.4594594594,0.0,
889037.7027027027,0.0,
889280.9459459459,0.0,
889335.0,,0.0
889687.9411764706,0.0,
889893.8235294118,0.0,
890040.8823529412,0.0,
890276.1764705882,0.0,
890335.0,,0.0
890559.1379310344,0.0,
890921.2068965518,0.0,
891145.3448275862,0.0,
891300.5172413794,0.0,
891335.0,,0.0
891497.1621621621,0.0,
891740.4054054054,0.0,
891983.6486486486,0.0,
892280.9459459459,0.0,
892335.0,,0.0
892644.5238095238,0.0,
892906.4285714285,0.0,
893001.6666666666,0.0,
893287.380952381,0.0,
893335.0,,0.0
893639.3478260869,0.0,
893813.2608695652,0.0,
894074.1304347826,0.0,
894291.5217391305,0.0,
894335.0,,0.0
894557.2222222222,0.0,
894846.1111111111,0.0,
895046.1111111111,0.0,
895290.5555555555,0.0,
895335.0,,0.0
895623.8888888889,0.0,
895868.3333333334,0.0,
896112.7777777778,0.0,
896290.5555555555,0.0,
896335.0,,0.0
896675.4255319149,0.0,
896930.7446808511,0.0,
897143.5106382979,0.0,
897292.4468085107,0.0,
897335.0,,0.0
897639.3478260869,0.0,
897835.0,0.0,
898117.6086956522,0.0,
898291.5217391305,0.0,
898335.0,,0.0
898524.1891891892,0.0,
898821.4864864865,0.0,
899064.7297297297,0.0,
899280.9459459459,0.0,
899335.0,,0.0
899617.6086956522,0.0,
899813.2608695652,0.0,
900052.3913043478,0.0,
900291.5217391305,0.0,
900335.0,,0.0
900614.0697674418,0.0,
900869.8837209302,0.0,
901102.4418604651,0.0,
901288.4883720931,0.0,
901335.0,,0.0
901630.4545454546,0.0,
901744.0909090909,0.0,
901971.3636363636,0.0,
902289.5454545454,0.0,
902335.0,,0.0
902530.6521739131,0.0,
902791.5217391305,0.0,
903030.6521739131,0.0,
903291.5217391305,0.0,
903335.0,,0.0
903543.3333333334,0.0,
903793.3333333334,0.0,
904064.1666666666,0.0,
904293.3333333334,0.0,
904335.0,,0.0
904590.3191489362,0.0,
904781.8085106383,0.0,
904952.0212765958,0.0,
905292.4468085107,0.0,
905335.0,,0.0
905725.243902439,0.0,
905920.3658536585,0.0,
906066.7073170731,0.0,
906286.2195121951,0.0,
906335.0,,0.0
906599.7058823529,0.0,
906864.4117647059,0.0,
907070.2941176471,0.0,
907276.1764705882,0.0,
907335.0,,0.0
907555.0,0.0,
907855.0,0.0,
908055.0,0.0,
908295.0,0.0,
908335.0,,0.0
908603.2926829269,0.0,
908847.1951219512,0.0,
909066.7073170731,0.0,
909286.2195121951,0.0,
909335.0,,0.0
909545.5263157894,0.0,
909835.0,0.0,
910019.2105263158,0.0,
910282.3684210526,0.0,
910335.0,,0.0
910610.0,0.0,
910735.0,0.0,
910935.0,0.0,
911285.0,0.0,
911335.0,,0.0
911646.1111111111,0.0,
911868.3333333334,0.0,
912135.0,0.0,
912290.5555555555,0.0,
912335.0,,0.0
912501.6666666666,0.0,
912787.380952381,0.0,
913073.0952380953,0.0,
913287.380952381,0.0,
913335.0,,0.0
913539.5454545454,0.0,
913812.2727272727,0.0,
913994.0909090909,0.0,
914289.5454545454,0.0,
914335.0,,0.0
914644.5238095238,0.0,
914835.0,0.0,
915049.2857142857,0.0,
915287.380952381,0.0,
915335.0,,0.0
915510.0,0.0,
915760.0,0.0,
916085.0,0.0,
916285.0,0.0,
916335.0,,0.0
916569.0425531915,0.0,
916824.3617021276,0.0,
917058.4042553192,0.0,
917292.4468085107,0.0,
917335.0,,0.0
917638.0303030303,0.0,
917880.4545454546,0.0,
918092.5757575758,0.0,
918274.3939393939,0.0,
918335.0,,0.0
918628.1034482758,0.0,
918869.4827586206,0.0,
919024.6551724138,0.0,
919300.5172413794,0.0,
919335.0,,0.0
919538.7037037037,0.0,
919760.925925926,0.0,
920057.2222222222,0.0,
920297.9629629629,0.0,
920335.0,,0.0
920712.7777777778,0.0,
920912.7777777778,0.0,
921090.5555555555,0.0,
921290.5555555555,0.0,
921335.0,,0.0
