env,cost_limit,source,target_steps,score_mean,score_std,score_count,cost_mean,cost_std,cost_count,laglr
Safety2x3HalfCheetahVelocity-v0,5.0,MACPO Run,10000000,1316.8,115.7,3,5.0,1.7,3,1e-05
Safety2x3HalfCheetahVelocity-v0,5.0,SafeDreamer (lr=1e-5),100000,8.5,,1,0.0,,1,1e-05
Safety2x3HalfCheetahVelocity-v0,5.0,SafeDreamer (lr=1e-5),500000,1410.6,,1,0.0,,1,1e-05
Safety2x3HalfCheetahVelocity-v0,5.0,SafeDreamer (lr=1e-5),1000000,1519.2,,1,35.8,,1,1e-05
Safety2x3HalfCheetahVelocity-v0,25.0,SafeDreamer (lr=1e-5),100000,1136.2,564.6,3,30.1,30.2,3,1e-05
Safety2x3HalfCheetahVelocity-v0,25.0,SafeDreamer (lr=1e-5),500000,2000.5,120.6,3,5.4,6.9,3,1e-05
Safety2x3HalfCheetahVelocity-v0,25.0,SafeDreamer (lr=1e-5),1000000,2527.2,228.6,3,16.6,2.0,3,1e-05
Safety2x4AntVelocity-v0,0.2,MACPO Run,10000000,859.2,32.7,3,1.2,0.7,3,1e-05
Safety2x4AntVelocity-v0,0.2,SafeDreamer (lr=1e-5),100000,894.0,51.4,3,0.0,0.0,3,1e-05
Safety2x4AntVelocity-v0,0.2,SafeDreamer (lr=1e-5),500000,1410.2,394.7,3,2.0,1.8,3,1e-05
Safety2x4AntVelocity-v0,0.2,SafeDreamer (lr=1e-5),1000000,2267.8,134.1,3,24.3,5.6,3,1e-05
Safety2x4AntVelocity-v0,25.0,MACPO Run,10000000,798.1,109.4,3,10.5,1.7,3,1e-05
Safety2x4AntVelocity-v0,25.0,SafeDreamer (lr=1e-5),100000,836.2,93.2,3,0.0,0.0,3,1e-05
Safety2x4AntVelocity-v0,25.0,SafeDreamer (lr=1e-5),500000,1086.0,412.1,3,6.8,11.5,3,1e-05
Safety2x4AntVelocity-v0,25.0,SafeDreamer (lr=1e-5),1000000,1835.8,678.3,3,17.4,15.1,3,1e-05
Safety4x2AntVelocity-v0,1.0,MACPO Run,10000000,1097.6,97.4,3,3.4,1.0,3,1e-05
Safety4x2AntVelocity-v0,1.0,SafeDreamer (lr=1e-5),100000,916.3,15.3,3,0.0,0.0,3,1e-05
Safety4x2AntVelocity-v0,1.0,SafeDreamer (lr=1e-5),500000,965.2,34.3,3,0.3,0.6,3,1e-05
Safety4x2AntVelocity-v0,1.0,SafeDreamer (lr=1e-5),1000000,1241.0,565.5,3,2.5,3.1,3,1e-05
Safety4x2AntVelocity-v0,25.0,MACPO Run,10000000,1287.3,148.3,3,23.6,6.0,3,1e-05
Safety4x2AntVelocity-v0,25.0,SafeDreamer (lr=1e-5),100000,902.4,49.0,3,0.0,0.0,3,1e-05
Safety4x2AntVelocity-v0,25.0,SafeDreamer (lr=1e-5),500000,997.3,83.4,3,0.0,0.0,3,1e-05
Safety4x2AntVelocity-v0,25.0,SafeDreamer (lr=1e-5),1000000,1574.5,304.2,3,0.5,0.8,3,1e-05
Safety2x3HalfCheetahVelocity-v0,5.0,SafeDreamer (lr=1e-5),700000,1455.9,,1,15.0,,1,1e-05
Safety2x3HalfCheetahVelocity-v0,5.0,SafeDreamer (lr=1e-5),800000,1450.3,,1,22.2,,1,1e-05
Safety2x3HalfCheetahVelocity-v0,5.0,SafeDreamer (lr=1e-5),900000,1685.9,,1,37.8,,1,1e-05
Safety2x3HalfCheetahVelocity-v0,25.0,SafeDreamer (lr=1e-5),700000,2587.8,181.4,3,22.3,22.2,3,1e-05
Safety2x3HalfCheetahVelocity-v0,25.0,SafeDreamer (lr=1e-5),800000,2545.2,212.5,3,37.6,9.4,3,1e-05
Safety2x3HalfCheetahVelocity-v0,25.0,SafeDreamer (lr=1e-5),900000,2528.5,162.9,3,3.9,3.7,3,1e-05
Safety2x4AntVelocity-v0,0.2,SafeDreamer (lr=1e-5),700000,1566.0,857.2,3,18.0,11.8,3,1e-05
Safety2x4AntVelocity-v0,0.2,SafeDreamer (lr=1e-5),800000,1626.6,158.9,3,43.5,8.2,3,1e-05
Safety2x4AntVelocity-v0,0.2,SafeDreamer (lr=1e-5),900000,1902.4,359.2,3,43.9,29.7,3,1e-05
Safety2x4AntVelocity-v0,25.0,SafeDreamer (lr=1e-5),700000,1613.5,553.1,3,53.1,47.1,3,1e-05
Safety2x4AntVelocity-v0,25.0,SafeDreamer (lr=1e-5),800000,1794.4,672.1,3,82.9,72.0,3,1e-05
Safety2x4AntVelocity-v0,25.0,SafeDreamer (lr=1e-5),900000,1838.3,583.0,3,32.7,33.7,3,1e-05
Safety4x2AntVelocity-v0,1.0,SafeDreamer (lr=1e-5),700000,886.0,110.8,3,0.0,0.0,3,1e-05
Safety4x2AntVelocity-v0,1.0,SafeDreamer (lr=1e-5),800000,1134.0,170.2,3,0.1,0.1,3,1e-05
Safety4x2AntVelocity-v0,1.0,SafeDreamer (lr=1e-5),900000,1140.6,33.1,3,0.5,0.8,3,1e-05
Safety4x2AntVelocity-v0,25.0,SafeDreamer (lr=1e-5),700000,1192.7,86.6,3,0.0,0.0,3,1e-05
Safety4x2AntVelocity-v0,25.0,SafeDreamer (lr=1e-5),800000,1265.9,101.8,3,0.0,0.0,3,1e-05
Safety4x2AntVelocity-v0,25.0,SafeDreamer (lr=1e-5),900000,1406.8,172.4,3,0.0,0.0,3,1e-05
Safety2x3HalfCheetahVelocity-v0,25.0,MACPO Run,10000000,1374.3,85.7,2,22.0,4.2,2,1e-05
Safety2x4AntVelocity-v0,0.2,MACPO Paper ~,10000000,900.0,,0,15.0,,0,1e-05
Safety4x2AntVelocity-v0,1.0,MACPO Paper ~,10000000,650.0,,0,15.0,,0,1e-05
Safety2x3HalfCheetahVelocity-v0,5.0,MACPO Paper ~,10000000,2250.0,,0,40.0,,0,1e-05
Safety2x4AntVelocity-v0,25.0,SafePO Paper,10000000,1099.23,,0,3.39,,0,1e-05
Safety4x2AntVelocity-v0,25.0,SafePO Paper,10000000,815.77,,0,0.0,,0,1e-05
Safety2x3HalfCheetahVelocity-v0,25.0,SafePO Paper,10000000,1637.29,,0,52.1,,0,1e-05
Safety2x3HalfCheetahVelocity-v0,5.0,SafeDreamer (lr=1e-4),100000,393.4,466.5,3,0.0,0.0,3,0.0001
Safety2x3HalfCheetahVelocity-v0,5.0,SafeDreamer (lr=1e-4),500000,1554.6,631.6,3,0.8,1.3,3,0.0001
Safety2x3HalfCheetahVelocity-v0,5.0,SafeDreamer (lr=1e-4),700000,1801.6,696.3,3,4.6,4.1,3,0.0001
Safety2x3HalfCheetahVelocity-v0,5.0,SafeDreamer (lr=1e-4),800000,1931.8,820.7,3,127.0,208.0,3,0.0001
Safety2x3HalfCheetahVelocity-v0,5.0,SafeDreamer (lr=1e-4),900000,1744.9,724.4,3,66.8,100.4,3,0.0001
Safety2x3HalfCheetahVelocity-v0,5.0,SafeDreamer (lr=1e-4),1000000,1480.8,97.6,3,4.6,2.0,3,0.0001
Safety2x3HalfCheetahVelocity-v0,25.0,SafeDreamer (lr=1e-4),100000,-60.1,39.0,3,0.0,0.0,3,0.0001
Safety2x3HalfCheetahVelocity-v0,25.0,SafeDreamer (lr=1e-4),500000,743.2,408.4,3,0.0,0.0,3,0.0001
Safety2x3HalfCheetahVelocity-v0,25.0,SafeDreamer (lr=1e-4),700000,969.0,587.9,3,0.0,0.0,3,0.0001
Safety2x3HalfCheetahVelocity-v0,25.0,SafeDreamer (lr=1e-4),800000,1019.7,396.6,3,0.0,0.0,3,0.0001
Safety2x3HalfCheetahVelocity-v0,25.0,SafeDreamer (lr=1e-4),900000,1070.2,308.5,3,0.0,0.0,3,0.0001
Safety2x3HalfCheetahVelocity-v0,25.0,SafeDreamer (lr=1e-4),1000000,1149.1,312.7,3,0.0,0.0,3,0.0001
Safety2x4AntVelocity-v0,0.2,SafeDreamer (lr=1e-4),100000,903.4,27.3,3,0.0,0.0,3,0.0001
Safety2x4AntVelocity-v0,0.2,SafeDreamer (lr=1e-4),500000,1187.2,137.5,3,0.0,0.0,3,0.0001
Safety2x4AntVelocity-v0,0.2,SafeDreamer (lr=1e-4),700000,1184.0,499.9,3,5.1,5.0,3,0.0001
Safety2x4AntVelocity-v0,0.2,SafeDreamer (lr=1e-4),800000,1373.5,727.7,3,2.0,2.8,3,0.0001
Safety2x4AntVelocity-v0,0.2,SafeDreamer (lr=1e-4),900000,1494.8,831.1,3,3.7,6.0,3,0.0001
Safety2x4AntVelocity-v0,0.2,SafeDreamer (lr=1e-4),1000000,1618.4,640.8,3,4.1,5.8,3,0.0001
Safety2x4AntVelocity-v0,25.0,SafeDreamer (lr=1e-4),100000,917.0,58.0,3,0.0,0.0,3,0.0001
Safety2x4AntVelocity-v0,25.0,SafeDreamer (lr=1e-4),500000,1207.0,175.0,3,0.1,0.2,3,0.0001
Safety2x4AntVelocity-v0,25.0,SafeDreamer (lr=1e-4),700000,1156.7,477.8,3,1.4,1.2,3,0.0001
Safety2x4AntVelocity-v0,25.0,SafeDreamer (lr=1e-4),800000,1221.1,478.7,3,2.0,0.6,3,0.0001
Safety2x4AntVelocity-v0,25.0,SafeDreamer (lr=1e-4),900000,1323.1,629.2,3,7.0,7.2,3,0.0001
Safety2x4AntVelocity-v0,25.0,SafeDreamer (lr=1e-4),1000000,1552.4,475.2,3,22.6,18.3,3,0.0001
Safety4x2AntVelocity-v0,1.0,SafeDreamer (lr=1e-4),100000,960.3,33.3,3,0.0,0.0,3,0.0001
Safety4x2AntVelocity-v0,1.0,SafeDreamer (lr=1e-4),500000,1069.5,106.2,3,0.1,0.1,3,0.0001
Safety4x2AntVelocity-v0,1.0,SafeDreamer (lr=1e-4),700000,1432.8,404.7,3,4.2,7.3,3,0.0001
Safety4x2AntVelocity-v0,1.0,SafeDreamer (lr=1e-4),800000,1378.4,295.2,3,7.7,13.4,3,0.0001
Safety4x2AntVelocity-v0,1.0,SafeDreamer (lr=1e-4),900000,1595.7,410.7,3,2.5,4.0,3,0.0001
Safety4x2AntVelocity-v0,1.0,SafeDreamer (lr=1e-4),1000000,1558.8,359.0,3,4.2,7.3,3,0.0001
Safety4x2AntVelocity-v0,25.0,SafeDreamer (lr=1e-4),100000,918.7,12.6,3,0.0,0.0,3,0.0001
Safety4x2AntVelocity-v0,25.0,SafeDreamer (lr=1e-4),500000,1025.5,69.4,3,0.0,0.0,3,0.0001
Safety4x2AntVelocity-v0,25.0,SafeDreamer (lr=1e-4),700000,1168.3,497.4,3,0.0,0.0,3,0.0001
Safety4x2AntVelocity-v0,25.0,SafeDreamer (lr=1e-4),800000,1221.5,220.3,3,0.1,0.2,3,0.0001
Safety4x2AntVelocity-v0,25.0,SafeDreamer (lr=1e-4),900000,1260.2,302.6,3,0.7,1.2,3,0.0001
Safety4x2AntVelocity-v0,25.0,SafeDreamer (lr=1e-4),1000000,1504.2,520.0,3,2.9,4.8,3,0.0001
Safety2x4AntVelocity-v0,0.2,"SafeDreamer (lr=1e-5, nocomm)",100000,887.0,13.3,3,0.0,0.0,3,1e-05
Safety2x4AntVelocity-v0,0.2,"SafeDreamer (lr=1e-5, nocomm)",500000,815.9,181.1,3,8.6,14.8,3,1e-05
Safety2x4AntVelocity-v0,0.2,"SafeDreamer (lr=1e-5, nocomm)",700000,826.6,252.1,3,3.9,6.8,3,1e-05
Safety2x4AntVelocity-v0,0.2,"SafeDreamer (lr=1e-5, nocomm)",800000,1102.1,223.0,3,2.6,4.5,3,1e-05
Safety2x4AntVelocity-v0,0.2,"SafeDreamer (lr=1e-5, nocomm)",900000,1126.3,281.9,3,1.7,3.0,3,1e-05
Safety2x4AntVelocity-v0,0.2,"SafeDreamer (lr=1e-5, nocomm)",1000000,1191.6,444.6,3,0.9,1.2,3,1e-05
Safety2x4AntVelocity-v0,25.0,"SafeDreamer (lr=1e-5, nocomm)",100000,918.4,25.2,3,0.0,0.0,3,1e-05
Safety2x4AntVelocity-v0,25.0,"SafeDreamer (lr=1e-5, nocomm)",500000,1083.4,114.7,3,0.0,0.0,3,1e-05
Safety2x4AntVelocity-v0,25.0,"SafeDreamer (lr=1e-5, nocomm)",700000,1216.5,243.5,3,1.0,1.1,3,1e-05
Safety2x4AntVelocity-v0,25.0,"SafeDreamer (lr=1e-5, nocomm)",800000,1221.0,60.1,3,1.3,1.3,3,1e-05
Safety2x4AntVelocity-v0,25.0,"SafeDreamer (lr=1e-5, nocomm)",900000,1505.5,345.8,3,4.7,7.6,3,1e-05
Safety2x4AntVelocity-v0,25.0,"SafeDreamer (lr=1e-5, nocomm)",1000000,1491.0,79.8,3,19.4,30.3,3,1e-05
Safety4x2AntVelocity-v0,1.0,"SafeDreamer (lr=1e-5, nocomm)",100000,901.8,77.0,3,0.0,0.0,3,1e-05
Safety4x2AntVelocity-v0,1.0,"SafeDreamer (lr=1e-5, nocomm)",500000,850.9,101.8,3,0.0,0.0,3,1e-05
Safety4x2AntVelocity-v0,1.0,"SafeDreamer (lr=1e-5, nocomm)",700000,1105.4,193.7,3,0.0,0.0,3,1e-05
Safety4x2AntVelocity-v0,1.0,"SafeDreamer (lr=1e-5, nocomm)",800000,1104.5,140.4,3,0.0,0.0,3,1e-05
Safety4x2AntVelocity-v0,1.0,"SafeDreamer (lr=1e-5, nocomm)",900000,1159.3,189.8,3,0.0,0.0,3,1e-05
Safety4x2AntVelocity-v0,1.0,"SafeDreamer (lr=1e-5, nocomm)",1000000,1032.4,57.2,3,0.0,0.0,3,1e-05
Safety4x2AntVelocity-v0,25.0,"SafeDreamer (lr=1e-5, nocomm)",100000,939.3,55.0,3,0.0,0.0,3,1e-05
Safety4x2AntVelocity-v0,25.0,"SafeDreamer (lr=1e-5, nocomm)",500000,1164.9,175.7,3,0.0,0.0,3,1e-05
Safety4x2AntVelocity-v0,25.0,"SafeDreamer (lr=1e-5, nocomm)",700000,1301.5,286.0,3,0.0,0.0,3,1e-05
Safety4x2AntVelocity-v0,25.0,"SafeDreamer (lr=1e-5, nocomm)",800000,1335.0,278.6,3,0.0,0.0,3,1e-05
Safety4x2AntVelocity-v0,25.0,"SafeDreamer (lr=1e-5, nocomm)",900000,1515.5,253.9,3,0.0,0.0,3,1e-05
Safety4x2AntVelocity-v0,25.0,"SafeDreamer (lr=1e-5, nocomm)",1000000,1656.8,161.8,3,0.5,0.9,3,1e-05
Safety2x3HalfCheetahVelocity-v0,5.0,"SafeDreamer (lr=1e-5, nocomm)",100000,445.1,454.1,3,0.0,0.0,3,1e-05
Safety2x3HalfCheetahVelocity-v0,5.0,"SafeDreamer (lr=1e-5, nocomm)",500000,717.3,963.0,3,15.4,21.4,3,1e-05
Safety2x3HalfCheetahVelocity-v0,5.0,"SafeDreamer (lr=1e-5, nocomm)",700000,728.8,1041.0,3,0.6,0.5,3,1e-05
Safety2x3HalfCheetahVelocity-v0,5.0,"SafeDreamer (lr=1e-5, nocomm)",800000,838.8,1160.6,3,3.2,3.0,3,1e-05
Safety2x3HalfCheetahVelocity-v0,5.0,"SafeDreamer (lr=1e-5, nocomm)",900000,722.3,439.0,3,4.8,7.7,3,1e-05
Safety2x3HalfCheetahVelocity-v0,5.0,"SafeDreamer (lr=1e-5, nocomm)",1000000,1166.0,512.6,3,11.1,18.9,3,1e-05
Safety2x3HalfCheetahVelocity-v0,25.0,"SafeDreamer (lr=1e-5, nocomm)",100000,409.9,197.0,3,0.0,0.0,3,1e-05
Safety2x3HalfCheetahVelocity-v0,25.0,"SafeDreamer (lr=1e-5, nocomm)",500000,960.4,942.3,3,45.2,52.7,3,1e-05
Safety2x3HalfCheetahVelocity-v0,25.0,"SafeDreamer (lr=1e-5, nocomm)",700000,1581.8,590.2,3,41.8,40.3,3,1e-05
Safety2x3HalfCheetahVelocity-v0,25.0,"SafeDreamer (lr=1e-5, nocomm)",800000,1120.2,467.7,3,18.2,17.5,3,1e-05
Safety2x3HalfCheetahVelocity-v0,25.0,"SafeDreamer (lr=1e-5, nocomm)",900000,824.5,464.8,3,2.9,1.8,3,1e-05
Safety2x3HalfCheetahVelocity-v0,25.0,"SafeDreamer (lr=1e-5, nocomm)",1000000,981.5,1303.1,3,64.4,103.8,3,1e-05
