steps,main/cost,main/score,main/winrate
46,5,4.394607843137253,0
93,5,4.041666666666666,0
140,5,3.4754901960784315,0
189,5,4.227941176470588,0
239,5,3.6274509803921573,0
290,5,5.235294117647058,0
334,5,3.7843137254901955,0
382,5,4.311274509803922,0
435,5,3.2034313725490176,0
484,5,4.431372549019607,0
533,5,4.6642156862745106,0
584,5,3.769607843137254,0
626,5,5.960784313725491,0
672,5,2.9044117647058822,0
716,5,4.666666666666666,0
759,5,5.696078431372548,0
806,5,8.230392156862745,0
849,5,4.791666666666667,0
895,5,4.1544117647058805,0
945,5,6.056372549019608,0
985,5,5.862745098039215,0
1038,5,2.634803921568627,0
1086,5,4.11764705882353,0
1206,5,9.446078431372541,0
1254,5,6.857843137254902,0
1299,5,7.647058823529413,0
1345,5,7.2941176470588225,0
1395,5,7.303921568627451,0
1440,5,7.372549019607844,0
1508,5,7.74754901960784,0
1551,5,8.519607843137255,0
1595,5,9.3921568627451,0
1641,5,8.529411764705882,0
1692,5,8.742647058823529,0
1738,5,6.568627450980392,0
1785,5,7.340686274509803,0
1832,5,10.375,0
1883,5,8.808823529411766,0
1938,5,6.409313725490196,0
1988,5,8.397058823529413,0
2108,5,12.098039215686262,0
2154,5,8.401960784313724,0
2204,5,9.431372549019606,0
2254,5,6.9068627450980395,0
2374,5,7.691176470588231,0
2427,5,9.60294117647059,0
2475,5,9.156862745098039,0
2523,5,9.862745098039216,0
2591,5,12.791666666666671,0
2650,5,10.19117647058823,0
2701,5,9.549019607843139,0
2821,5,12.004901960784311,0
2879,5,6.590686274509805,0
2943,5,8.453431372549023,0
2994,5,6.980392156862744,0
3053,5,8.924019607843135,0
3125,5,9.968137254901958,0
3188,5,9.639705882352937,0
3248,2,20.0,1
3311,5,8.455882352941178,0
3431,5,10.117647058823529,0
3489,5,11.019607843137251,0
3548,5,9.512254901960782,0
3599,5,9.450980392156865,0
3656,5,8.823529411764707,0
3776,5,10.274509803921564,0
3837,5,13.389705882352938,0
3899,5,10.355392156862743,0
3955,5,13.254901960784318,0
4024,2,20.0,1
4085,2,20.0,1
4161,3,19.999999999999996,1
4231,5,14.921568627450984,0
4281,5,10.607843137254903,0
4338,5,9.362745098039213,0
4436,3,20.034313725490193,1
4494,5,10.862745098039214,0
4559,5,12.705882352941174,0
4626,5,14.09803921568627,0
4687,2,20.000000000000004,1
4748,5,12.509803921568627,0
4836,5,15.823529411764707,0
4956,5,15.840686274509789,0
5024,5,14.705882352941176,0
5100,3,20.000000000000004,1
5163,1,20.0,1
5222,2,20.0,1
5272,5,8.977941176470585,0
5327,5,11.058823529411764,0
5399,5,14.534313725490199,0
5451,2,20.0,1
5571,5,15.627450980392155,0
5633,2,20.0,1
5717,5,16.07843137254903,0
5785,5,13.156862745098042,0
5842,5,10.529411764705877,0
5899,2,20.0,1
5961,3,20.03921568627451,1
6081,5,14.960784313725485,0
6132,5,9.549019607843135,0
6186,1,19.999999999999993,1
6256,5,14.757352941176467,0
6313,5,8.590686274509803,0
6366,2,19.999999999999996,1
6420,5,10.568627450980387,0
6495,5,13.058823529411766,0
6550,5,11.362745098039216,0
6619,5,14.078431372549025,0
6671,5,10.705882352941176,0
6725,1,20.000000000000004,1
6784,3,20.0,1
6846,5,11.58823529411765,0
6927,5,15.857843137254905,0
6981,1,20.0,1
7035,5,11.999999999999998,0
7093,2,20.000000000000007,1
7154,5,12.470588235294116,0
7212,5,11.78431372549019,0
7265,0,20.000000000000007,1
7317,1,20.000000000000007,1
7367,5,12.980392156862742,0
7433,5,14.000000000000007,0
7492,2,19.999999999999996,1
7546,0,19.999999999999996,1
7611,5,13.49019607843138,0
7683,4,20.0,1
7803,5,13.529411764705875,0
7872,5,15.19607843137255,0
7932,2,20.0,1
7986,5,11.843137254901967,0
8047,4,20.000000000000004,1
8107,3,20.0,1
8152,5,9.03921568627451,0
8208,5,11.549019607843135,0
8259,5,12.23529411764706,0
8317,2,20.0,1
8385,3,20.000000000000004,1
8439,1,20.235294117647058,1
8489,5,11.333333333333336,0
8559,4,20.000000000000004,1
8655,5,15.882352941176478,0
8703,5,9.215686274509801,0
8760,2,19.999999999999996,1
8810,1,20.078431372549016,1
8864,1,20.0,1
8916,1,20.000000000000007,1
8962,5,7.789215686274509,0
9015,1,20.000000000000007,1
9073,5,12.745098039215685,0
9134,3,20.000000000000007,1
9195,3,20.0,1
9257,5,11.941176470588237,0
9325,5,15.529411764705884,0
9389,3,20.11764705882353,1
9446,2,20.15686274509804,1
9499,5,11.377450980392156,0
9557,3,20.0,1
9615,5,11.117647058823533,0
9673,5,13.039215686274511,0
9736,2,20.0,1
9791,5,9.071078431372548,0
9843,5,10.117647058823529,0
9893,5,5.112745098039216,0
9964,2,19.999999999999996,1
10035,1,20.0,1
10093,2,20.23529411764706,1
10150,2,20.000000000000004,1
10214,3,20.117647058823533,1
10334,5,16.03921568627451,0
10387,1,20.039215686274513,1
10448,3,20.0,1
10515,3,20.000000000000004,1
10576,5,12.3578431372549,0
10637,2,20.000000000000004,1
10686,5,12.35294117647059,0
10743,5,11.92647058823529,0
10863,5,13.25490196078431,0
10983,5,8.333333333333329,0
11041,2,19.999999999999996,1
11161,5,9.960784313725481,0
11226,5,14.078431372549026,0
11346,5,15.37254901960784,0
11423,5,14.367647058823525,0
11499,2,20.27450980392157,1
11577,2,20.11764705882353,1
11637,2,20.000000000000004,1
11707,3,20.15686274509804,1
11827,5,14.796568627450975,0
11880,5,9.063725490196077,0
11932,5,10.178921568627448,0
11999,2,20.23529411764706,1
12066,3,20.039215686274513,1
12186,5,14.115196078431364,0
12306,5,14.749999999999998,0
12369,3,20.07843137254902,1
12489,5,10.200980392156854,0
12540,1,20.0,1
12617,5,13.931372549019608,0
12737,5,13.377450980392155,0
12857,5,16.242647058823525,0
12912,5,10.916666666666664,0
12982,5,12.931372549019612,0
13102,5,14.470588235294116,0
13165,3,20.07843137254902,1
13231,5,14.134803921568627,0
13294,1,20.000000000000007,1
13414,5,13.70588235294117,0
13534,5,13.588235294117649,0
13601,3,20.235294117647054,1
13721,5,11.490196078431364,0
13773,1,20.000000000000007,1
13855,2,20.352941176470587,1
13912,0,19.999999999999996,1
13965,5,13.176470588235297,0
14010,5,10.607843137254902,0
14067,2,20.000000000000004,1
14117,5,10.53431372549019,0
14237,5,13.745098039215685,0
14357,5,15.610294117647053,0
14407,5,11.901960784313722,0
14455,5,12.117647058823529,0
14527,3,19.999999999999996,1
14592,5,14.745098039215689,0
14652,2,20.07843137254902,1
14702,5,10.259803921568626,0
14762,5,11.328431372549018,0
14820,2,20.156862745098035,1
14874,5,10.968137254901961,0
14920,5,10.215686274509803,0
14989,5,14.15686274509804,0
15045,1,20.117647058823533,1
15091,5,10.840686274509805,0
15146,5,13.019607843137251,0
15202,1,20.000000000000004,1
15256,5,13.247549019607845,0
15307,5,10.688725490196074,0
15367,5,11.450980392156861,0
15430,4,20.0,1
15490,2,20.0,1
15563,5,15.823529411764712,0
15618,5,14.022058823529411,0
15679,3,20.313725490196077,1
15734,1,20.0,1
15791,2,19.999999999999996,1
15845,5,11.308823529411761,0
15904,0,20.000000000000004,1
15974,5,15.411764705882359,0
16035,5,12.490196078431374,0
16093,5,11.504901960784313,0
16149,3,20.0,1
16200,1,20.0,1
16320,5,16.350490196078425,0
16385,3,20.0,1
16444,3,20.0,1
16504,3,20.0,1
16562,4,20.15686274509804,1
16619,5,15.43137254901961,0
16739,5,15.058823529411761,0
16810,4,20.03921568627451,1
16871,5,14.45098039215686,0
16991,5,16.174019607843135,0
17047,1,20.000000000000004,1
17099,5,11.666666666666664,0
17159,3,20.07843137254902,1
17215,2,20.039215686274506,1
17273,0,20.15686274509804,1
17393,5,16.20098039215686,0
17448,5,12.627450980392153,0
17499,2,20.039215686274513,1
17559,5,15.470588235294125,0
17614,1,20.235294117647058,1
17734,5,16.14460784313726,0
17796,5,12.97303921568627,0
17850,5,13.769607843137257,0
17919,4,20.0,1
17990,4,20.470588235294112,1
18043,2,20.11764705882353,1
18163,5,16.22303921568627,0
18220,5,12.725490196078429,0
18290,5,15.352941176470583,0
18350,2,20.0,1
18414,5,14.607843137254902,0
18472,2,20.0,1
18532,5,14.372549019607849,0
18591,2,20.000000000000004,1
18642,5,10.259803921568622,0
18697,1,20.11764705882353,1
18756,1,20.000000000000007,1
18876,5,16.056372549019606,0
18933,1,20.07843137254902,1
18991,1,20.0,1
19043,1,20.000000000000004,1
19103,1,20.15686274509804,1
19223,5,14.928921568627448,0
19274,2,20.058823529411764,1
19330,5,10.176470588235293,0
19379,5,11.470588235294116,0
19442,2,20.19607843137255,1
19513,1,20.03921568627451,1
19633,5,15.830882352941176,0
19702,5,12.019607843137251,0
19822,5,15.982843137254898,0
19942,5,15.740196078431373,0
20001,2,20.0,1
20060,2,20.000000000000004,1
20106,5,10.14705882352941,0
20167,5,12.78431372549019,0
20287,5,15.990196078431369,0
20346,5,12.37254901960784,0
20405,5,12.745098039215684,0
20463,2,20.19607843137255,1
20516,2,20.0,1
20584,1,20.078431372549023,1
20641,2,20.0,1
20699,2,20.000000000000004,1
20765,1,20.117647058823533,1
20822,2,20.000000000000004,1
20884,5,12.196078431372545,0
20949,1,20.000000000000004,1
21012,2,20.000000000000004,1
21073,2,20.07843137254902,1
21135,5,15.612745098039213,0
21196,5,12.27450980392156,0
21265,4,20.000000000000004,1
21322,5,12.215686274509803,0
21395,4,20.000000000000004,1
21457,3,20.000000000000004,1
21514,1,20.0,1
21574,2,20.11764705882353,1
21638,5,13.490196078431373,0
21699,5,14.666666666666666,0
21766,5,13.666666666666663,0
21835,3,20.19607843137255,1
21955,5,16.92156862745097,0
22010,2,20.11274509803922,1
22067,3,20.11764705882353,1
22187,5,15.071078431372545,0
22307,5,16.291666666666664,0
22367,5,12.86274509803921,0
22427,3,20.000000000000007,1
22479,5,13.529411764705886,0
22544,1,20.151960784313722,1
22597,2,20.000000000000007,1
22648,0,20.0,1
22768,5,15.431372549019606,0
22821,5,12.666666666666664,0
22870,1,20.000000000000004,1
22929,1,20.078431372549026,1
22980,2,20.0,1
23030,5,12.352941176470587,0
23150,5,16.51225490196078,0
23204,0,20.000000000000004,1
23269,4,20.0,1
23327,2,20.196078431372552,1
23381,5,10.522058823529408,0
23501,5,16.70098039215687,0
23550,3,20.000000000000004,1
23612,5,14.078431372549014,0
23668,0,20.19607843137255,1
23726,5,12.74019607843137,0
23784,5,14.49019607843137,0
23833,2,20.000000000000004,1
23897,5,15.490196078431376,0
23950,2,20.0,1
24000,3,20.0,1
24060,5,15.122549019607847,0
24116,5,13.561274509803921,0
24170,3,20.000000000000007,1
24221,5,15.490196078431374,0
24294,5,15.431372549019606,0
24365,2,20.0,1
24419,5,14.56862745098039,0
24479,3,20.156862745098046,1
24525,5,12.411764705882351,0
24645,5,16.218137254901958,0
24701,1,20.117647058823533,1
24821,5,16.164215686274503,0
24941,5,16.68627450980392,0
24999,2,20.000000000000004,1
25053,3,20.0,1
25120,4,20.000000000000004,1
25175,2,20.078431372549023,1
25295,5,16.455882352941178,0
25342,1,20.000000000000004,1
25404,5,12.330882352941169,0
25481,5,14.355392156862747,0
25537,2,20.078431372549023,1
25599,3,20.269607843137255,1
25657,4,20.000000000000004,1
25716,3,20.0,1
25759,5,9.980392156862743,0
25814,5,10.784313725490197,0
25882,3,20.000000000000004,1
25945,5,14.019607843137253,0
26000,3,20.0,1
26074,5,14.80637254901961,0
26125,2,20.0,1
26195,5,15.117647058823529,0
26246,5,10.117647058823533,0
26312,5,15.90196078431373,0
26373,2,20.230392156862745,1
26430,2,20.0,1
26479,5,8.15686274509804,0
26537,5,13.950980392156861,0
26607,5,15.642156862745098,0
26655,5,10.294117647058824,0
26709,5,12.98039215686275,0
26763,5,10.823529411764705,0
26883,5,15.602941176470583,0
27003,5,16.563725490196074,0
27123,5,14.588235294117641,0
27177,5,12.470588235294118,0
27233,3,20.039215686274513,1
27288,5,10.438725490196074,0
27346,5,12.901960784313726,0
27394,1,20.07843137254902,1
27450,2,20.0,1
27497,1,20.0,1
27555,5,15.083333333333332,0
27607,5,12.455882352941174,0
27661,1,20.11764705882353,1
27719,4,20.000000000000007,1
27774,5,12.87254901960784,0
27831,2,19.999999999999996,1
27884,5,11.889705882352938,0
27933,5,12.882352941176473,0
27987,2,20.000000000000007,1
28043,2,20.0,1
28100,2,20.11764705882353,1
28154,2,20.0,1
28216,2,20.0,1
28275,5,14.272058823529404,0
28324,5,13.044117647058828,0
28374,5,12.200980392156865,0
28425,5,11.137254901960786,0
28490,5,15.120098039215689,0
28546,3,20.078431372549026,1
28598,5,10.9485294117647,0
28650,2,20.0,1
28704,5,14.669117647058826,0
28766,5,12.139705882352938,0
28827,5,13.098039215686272,0
28883,2,20.000000000000004,1
28937,2,20.0,1
28998,5,14.137254901960786,0
29060,5,12.879901960784318,0
29110,2,20.000000000000007,1
29155,0,20.000000000000004,1
29213,4,20.03921568627451,1
29270,5,14.509803921568631,0
29333,2,19.999999999999996,1
29379,0,20.000000000000004,1
29437,5,13.838235294117645,0
29557,5,13.705882352941176,0
29607,2,20.078431372549016,1
29661,2,19.999999999999996,1
29711,2,20.0,1
29831,5,16.74264705882353,0
29885,2,20.0,1
30005,5,13.96078431372549,0
30055,0,20.039215686274513,1
30110,5,12.703431372549018,0
30165,2,19.999999999999996,1
30219,1,20.000000000000004,1
30272,5,12.036764705882351,0
30331,3,20.078431372549023,1
30390,3,20.225490196078432,1
30444,3,20.000000000000007,1
30501,3,20.0,1
30562,5,14.019607843137255,0
30619,5,13.6078431372549,0
30675,3,20.03921568627451,1
30731,2,20.0,1
30789,2,20.078431372549023,1
30854,5,15.86274509803922,0
30906,2,20.000000000000004,1
30960,2,20.034313725490197,1
31080,5,16.531862745098035,0
31141,5,14.752450980392156,0
31198,3,20.0,1
31253,2,20.073529411764707,1
31304,2,20.078431372549023,1
31366,3,20.112745098039216,1
31427,5,14.470588235294114,0
31473,1,20.000000000000004,1
31527,1,20.07843137254902,1
31582,5,13.514705882352938,0
31702,5,16.470588235294112,0
31752,1,20.0,1
31806,1,20.039215686274513,1
31855,5,11.980392156862742,0
31904,5,9.325980392156861,0
31962,3,20.03921568627451,1
32016,2,20.07843137254902,1
32071,2,20.034313725490197,1
32137,4,20.08823529411765,1
32202,5,15.245098039215687,0
32250,0,20.039215686274513,1
32303,1,20.039215686274513,1
32356,2,20.000000000000004,1
32476,5,16.67401960784313,0
32543,4,20.03921568627451,1
32603,3,20.000000000000004,1
32657,1,20.034313725490197,1
32715,2,20.117647058823525,1
32766,5,12.058823529411761,0
32818,1,20.0,1
32870,2,19.999999999999996,1
32935,5,15.42892156862745,0
32992,2,20.0,1
33112,5,16.431372549019606,0
33168,2,20.0,1
33230,2,20.117647058823525,1
33290,3,20.049019607843135,1
33340,1,19.999999999999996,1
33393,2,20.039215686274513,1
33449,2,20.07843137254902,1
33505,2,20.0,1
33625,5,12.7843137254902,0
33745,5,14.588235294117643,0
33865,5,10.742647058823525,0
33922,3,20.07843137254902,1
33972,2,19.999999999999996,1
34026,2,20.11764705882353,1
34081,1,20.117647058823533,1
34141,2,20.000000000000007,1
34204,3,20.0,1
34269,4,20.117647058823536,1
34326,5,11.632352941176467,0
34374,2,20.039215686274517,1
34422,2,20.039215686274517,1
34467,5,10.522058823529411,0
34524,3,19.999999999999996,1
34572,5,8.31862745098039,0
34637,5,15.161764705882355,0
34691,5,14.455882352941176,0
34741,1,20.000000000000004,1
34790,1,20.000000000000004,1
34845,3,20.078431372549023,1
34900,5,12.774509803921564,0
34956,3,20.078431372549023,1
35076,5,16.85539215686274,0
35126,5,13.093137254901961,0
35180,2,20.07843137254902,1
35251,4,20.049019607843135,1
35309,5,14.473039215686276,0
35371,3,20.23039215686274,1
35425,5,12.887254901960786,0
35545,5,16.62745098039215,0
35598,1,19.999999999999996,1
35650,0,20.000000000000004,1
35709,5,14.830882352941176,0
35762,0,20.15686274509804,1
35882,5,16.09803921568627,0
36002,5,15.394607843137248,0
36052,5,11.644607843137253,0
36106,3,20.07843137254902,1
36155,1,20.000000000000004,1
36214,3,20.161764705882355,1
36265,1,20.000000000000007,1
36317,1,20.117647058823533,1
36374,5,13.916666666666663,0
36433,5,13.490196078431373,0
36492,1,20.235294117647058,1
36549,3,20.117647058823525,1
36611,5,14.0,0
36667,2,20.014705882352942,1
36721,1,20.000000000000004,1
36773,5,10.745098039215684,0
36828,2,20.0,1
36884,2,20.0,1
37004,5,13.936274509803917,0
37055,1,20.000000000000004,1
37107,5,13.784313725490193,0
37168,3,20.07352941176471,1
37288,5,15.784313725490195,0
37336,5,12.193627450980387,0
37391,2,20.07843137254902,1
37436,5,10.549019607843134,0
37490,5,11.450980392156861,0
37586,3,20.367647058823525,1
37640,5,12.93137254901961,0
37694,5,12.578431372549014,0
37744,5,11.583333333333334,0
37801,2,20.11764705882353,1
37921,5,15.156862745098037,0
37967,5,12.252450980392153,0
38026,2,20.235294117647065,1
38082,2,20.0,1
38151,3,20.0,1
38203,1,20.000000000000007,1
38264,5,15.156862745098037,0
38317,3,20.117647058823536,1
38377,3,20.000000000000007,1
38430,1,20.0,1
38499,5,15.470588235294123,0
38619,5,15.740196078431367,0
38674,5,14.372549019607849,0
38732,3,20.196078431372552,1
38790,5,12.242647058823527,0
38910,5,16.78921568627451,0
38967,5,14.281862745098037,0
39087,5,16.568627450980387,0
39139,1,20.0,1
39198,2,20.0,1
39248,5,13.33333333333333,0
39296,0,20.07843137254902,1
39346,0,20.0,1
39397,1,20.07843137254902,1
39447,5,12.450980392156856,0
39497,5,13.333333333333336,0
39557,4,19.999999999999996,1
39609,1,20.000000000000004,1
39668,1,20.0,1
39788,5,15.973039215686264,0
39836,1,20.000000000000004,1
39892,2,20.196078431372555,1
39943,1,20.0,1
39997,4,20.07843137254902,1
40053,3,20.0,1
40112,5,14.534313725490195,0
40164,1,20.0,1
40211,5,11.313725490196079,0
40259,5,10.941176470588236,0
40379,5,13.803921568627446,0
40432,5,11.624999999999996,0
40480,1,20.000000000000004,1
40600,5,16.159313725490197,0
40661,2,20.200980392156858,1
40719,3,20.0,1
40774,2,20.156862745098042,1
40894,5,15.904411764705877,0
40944,5,11.470588235294121,0
41001,3,20.000000000000004,1
41054,3,20.11764705882353,1
41108,5,13.178921568627452,0
41156,5,10.210784313725485,0
41219,4,19.999999999999996,1
41291,5,14.823529411764708,0
41340,3,20.078431372549023,1
41460,5,12.68627450980392,0
41514,5,12.926470588235292,0
41570,3,20.000000000000004,1
41623,5,13.450980392156865,0
41676,2,20.11764705882353,1
41737,5,12.901960784313726,0
41788,1,20.000000000000007,1
41908,5,16.583333333333332,0
41960,1,20.000000000000004,1
42010,1,20.000000000000004,1
42064,5,11.392156862745093,0
42116,1,20.000000000000004,1
42168,5,10.389705882352942,0
42218,5,10.997549019607838,0
42274,2,20.000000000000004,1
42394,5,16.56862745098039,0
42514,5,15.89705882352941,0
42570,2,20.0,1
42626,2,20.000000000000004,1
42677,2,20.0,1
42734,2,20.000000000000004,1
42791,2,20.156862745098035,1
42856,5,14.509803921568626,0
42906,5,11.568627450980394,0
42961,2,20.000000000000004,1
43026,5,15.25490196078431,0
43084,5,14.632352941176471,0
43136,5,11.470588235294118,0
43192,2,20.0,1
43235,5,11.159313725490197,0
43285,5,9.963235294117649,0
43343,5,9.294117647058819,0
43401,5,12.019607843137253,0
43447,5,10.624999999999991,0
43502,2,20.11274509803921,1
43622,5,10.441176470588227,0
43671,5,11.161764705882353,0
43729,2,20.23529411764706,1
43849,5,15.867647058823529,0
43911,3,20.0,1
43957,5,10.946078431372545,0
44000,5,11.098039215686274,0
44120,5,15.705882352941172,0
44173,5,12.629901960784313,0
44222,1,20.07843137254902,1
44278,2,20.039215686274517,1
44329,2,20.0,1
44376,5,10.732843137254896,0
44434,4,20.0,1
44488,5,12.843137254901965,0
44549,5,15.450980392156865,0
44597,2,20.117647058823533,1
44644,5,12.529411764705882,0
44696,3,20.039215686274513,1
44755,3,20.200980392156858,1
44806,2,20.0,1
44859,1,20.000000000000004,1
44911,2,20.0,1
44968,5,12.882352941176473,0
45014,5,11.279411764705884,0
45086,2,20.07843137254902,1
45137,5,12.882352941176473,0
45257,5,16.583333333333336,0
45316,3,20.274509803921568,1
45367,5,10.549019607843135,0
45422,5,14.058823529411763,0
45474,1,20.000000000000004,1
45538,2,20.26960784313726,1
45598,1,20.117647058823533,1
45659,5,13.205882352941174,0
45716,5,13.127450980392155,0
45777,3,20.11764705882353,1
45897,5,16.245098039215684,0
45947,0,19.999999999999996,1
46012,5,15.68627450980392,0
46074,2,20.0,1
46120,5,11.318627450980385,0
46168,2,20.11764705882353,1
46220,2,20.0,1
46271,5,11.193627450980392,0
46340,5,15.730392156862743,0
46407,3,20.0,1
46457,1,20.0,1
46514,5,13.703431372549021,0
46573,2,20.0,1
46638,5,15.647058823529415,0
46705,2,20.0,1
46755,5,10.137254901960784,0
46809,5,12.117647058823529,0
46901,4,20.122549019607845,1
46956,3,20.0,1
47021,5,15.392156862745098,0
47087,5,15.924019607843139,0
47138,3,20.11764705882353,1
47201,4,19.999999999999996,1
47251,1,20.0,1
47307,3,20.15686274509804,1
47365,2,20.11764705882353,1
47417,5,12.84558823529412,0
47480,5,14.046568627450988,0
47527,0,20.078431372549016,1
47583,1,20.15686274509804,1
47644,3,20.0,1
47709,5,15.411764705882357,0
47781,3,20.02941176470588,1
47836,2,20.0,1
47883,5,11.80392156862745,0
47952,3,20.274509803921568,1
48003,1,20.117647058823533,1
48057,2,20.196078431372552,1
48110,2,20.11764705882353,1
48161,2,20.0,1
48211,1,20.15686274509804,1
48263,1,20.000000000000007,1
48321,2,20.000000000000004,1
48382,3,20.11764705882353,1
48431,1,20.151960784313726,1
48480,2,20.000000000000004,1
48530,1,20.078431372549023,1
48584,2,20.0,1
48640,1,20.27941176470588,1
48695,5,12.568627450980387,0
48748,1,20.0,1
48801,3,19.999999999999996,1
48853,5,10.289215686274506,0
48918,5,13.100490196078422,0
48976,3,20.000000000000004,1
49032,2,20.0,1
49084,1,20.000000000000004,1
49134,5,12.747549019607842,0
49201,5,15.07843137254902,0
49265,3,20.03921568627451,1
49318,1,20.15686274509804,1
49368,5,9.725490196078429,0
49414,5,11.573529411764705,0
49472,5,13.568627450980394,0
49517,5,10.909313725490195,0
49570,5,12.813725490196074,0
49690,5,15.691176470588232,0
49752,5,15.156862745098046,0
49816,4,19.999999999999996,1
49865,5,9.549019607843135,0
49923,5,15.019607843137253,0
50043,5,13.01960784313725,0
50103,3,20.352941176470587,1
50156,2,20.0,1
50217,3,20.000000000000004,1
50337,5,15.117647058823529,0
50383,5,11.764705882352937,0
50503,5,16.5906862745098,0
50549,1,20.000000000000004,1
50605,2,20.000000000000004,1
50656,2,20.0,1
50776,5,15.901960784313719,0
50830,5,11.9828431372549,0
50885,3,20.0,1
50942,5,12.96078431372549,0
51062,5,16.745098039215684,0
51117,2,20.11764705882353,1
51177,3,20.15686274509804,1
51235,4,20.0,1
51301,4,20.11764705882353,1
51421,5,12.745098039215689,0
51476,2,20.000000000000007,1
51530,5,11.688725490196072,0
51584,5,14.139705882352946,0
51641,1,20.0,1
51693,1,20.11764705882353,1
51813,5,15.352941176470589,0
51865,5,9.867647058823527,0
51917,2,20.0,1
51975,5,10.651960784313722,0
52025,1,20.0,1
52145,5,16.019607843137248,0
52265,5,15.89705882352941,0
52316,5,13.301470588235293,0
52370,5,14.041666666666657,0
52440,4,20.0,1
52496,2,20.0,1
52548,2,20.0,1
52597,1,20.000000000000004,1
52651,1,20.15686274509804,1
52697,0,20.0,1
52747,1,20.034313725490197,1
52804,5,14.490196078431373,0
52865,5,15.036764705882351,0
52917,1,19.999999999999996,1
52966,0,20.000000000000007,1
53086,5,15.235294117647054,0
53142,5,13.014705882352942,0
53197,2,20.11764705882353,1
53254,2,20.000000000000004,1
53374,5,16.549019607843135,0
53428,1,20.078431372549026,1
53475,1,20.0,1
53531,5,11.392156862745097,0
53584,2,20.000000000000004,1
53642,1,20.0,1
53698,3,20.0,1
53818,5,16.566176470588232,0
53876,5,15.607843137254903,0
53996,5,15.999999999999996,0
54052,5,13.94362745098039,0
54106,3,20.156862745098042,1
54160,2,20.03921568627451,1
54212,1,20.039215686274513,1
54266,5,13.904411764705884,0
54323,5,13.950980392156861,0
54372,5,10.698529411764705,0
54431,5,13.889705882352935,0
54493,5,15.078431372549025,0
54549,5,10.794117647058819,0
54610,5,11.117647058823527,0
54658,1,20.0,1
54708,2,20.0,1
54766,3,20.000000000000004,1
54824,5,14.039215686274504,0
54876,5,11.654411764705879,0
54929,5,11.627450980392155,0
54982,1,20.000000000000004,1
55030,5,10.313725490196077,0
55079,2,20.039215686274517,1
55130,2,20.00980392156863,1
55188,2,20.000000000000004,1
55238,5,12.725490196078432,0
55284,2,20.0,1
55336,1,19.999999999999996,1
55390,3,20.0,1
55440,2,20.07843137254902,1
55490,5,10.683823529411763,0
55552,4,20.235294117647065,1
55607,3,20.078431372549023,1
55669,5,14.651960784313731,0
55789,5,13.975490196078427,0
55840,1,20.11764705882353,1
55897,5,13.299019607843135,0
55946,5,11.803921568627452,0
55995,5,11.811274509803916,0
56042,5,9.62990196078431,0
56090,5,13.52941176470588,0
56210,5,15.473039215686269,0
56330,5,16.20833333333332,0
56381,5,13.901960784313724,0
56431,5,11.176470588235293,0
56477,5,11.1421568627451,0
56530,3,20.03921568627451,1
56584,3,19.999999999999996,1
56636,2,20.0,1
56690,2,19.999999999999996,1
56742,3,20.0,1
56862,5,15.08823529411764,0
56905,5,11.330882352941176,0
56953,1,20.03921568627451,1
57013,5,11.411764705882351,0
57074,5,14.745098039215687,0
57124,5,14.159313725490195,0
57185,5,15.745098039215687,0
57239,5,10.688725490196079,0
57296,3,20.03921568627451,1
57342,5,10.296568627450982,0
57462,5,16.083333333333332,0
57515,2,20.07843137254902,1
57573,2,20.112745098039216,1
57634,3,20.000000000000004,1
57692,5,14.477941176470589,0
57751,5,11.605392156862747,0
57815,5,14.862745098039213,0
57870,1,20.083333333333332,1
57925,5,14.147058823529413,0
57973,0,20.0,1
58022,2,20.000000000000004,1
58085,3,20.0,1
58205,5,15.588235294117643,0
58260,2,20.0,1
58315,2,20.15686274509804,1
58372,2,20.039215686274517,1
58426,5,10.752450980392155,0
58546,5,15.607843137254898,0
58595,5,13.039215686274511,0
58715,5,12.553921568627448,0
58764,5,11.894607843137251,0
58813,5,12.73529411764706,0
58857,5,10.524509803921566,0
58977,5,15.703431372549014,0
59022,5,10.720588235294118,0
59071,1,20.000000000000007,1
59120,5,12.514705882352944,0
59170,1,20.0,1
59228,4,20.0,1
59290,5,15.394607843137258,0
59344,3,20.009803921568633,1
59403,1,20.26960784313725,1
59523,5,15.975490196078429,0
59578,3,20.0,1
59635,2,20.073529411764707,1
59692,5,14.313725490196077,0
59747,3,20.0,1
59803,2,20.19607843137255,1
59864,5,15.352941176470592,0
59918,1,20.19607843137255,1
59979,5,15.078431372549023,0
60041,5,14.578431372549018,0
60092,5,12.65196078431373,0
60139,5,11.965686274509801,0
60183,5,10.779411764705884,0
60233,5,12.154411764705884,0
60283,5,11.921568627450977,0
60338,5,13.122549019607845,0
60385,5,11.91911764705882,0
60435,1,20.0,1
60555,5,13.254901960784313,0
60617,3,20.039215686274506,1
60683,5,15.649509803921568,0
60733,5,11.588235294117645,0
60804,3,20.0,1
60863,2,20.117647058823533,1
60912,5,12.710784313725487,0
60961,5,12.470588235294114,0
61013,1,20.07843137254902,1
61069,5,13.995098039215687,0
61119,0,20.039215686274517,1
61162,5,9.960784313725489,0
61215,2,20.000000000000004,1
61262,1,20.0,1
61323,3,20.000000000000004,1
61378,1,20.0,1
61435,5,13.892156862745091,0
61485,5,13.6078431372549,0
61541,2,20.200980392156865,1
61595,2,20.078431372549023,1
61646,5,14.102941176470589,0
61707,5,15.294117647058824,0
61750,5,9.573529411764707,0
61813,5,13.727941176470585,0
61866,2,20.058823529411768,1
61931,2,20.352941176470583,1
61986,3,20.03921568627451,1
62034,0,20.000000000000007,1
62088,5,13.33333333333333,0
62147,2,20.0,1
62193,0,20.0,1
62235,5,9.428921568627452,0
62287,1,20.0,1
62337,3,20.0,1
62391,2,20.078431372549016,1
62456,4,20.15686274509804,1
62504,1,19.999999999999996,1
62553,5,13.196078431372548,0
62615,5,15.333333333333329,0
62669,5,13.629901960784311,0
62719,5,12.894607843137255,0
62775,3,20.01960784313725,1
62829,5,13.789215686274513,0
62889,5,14.073529411764705,0
62948,2,20.15686274509804,1
63005,2,20.00980392156863,1
63062,2,20.0,1
63116,3,20.098039215686274,1
63166,5,12.897058823529411,0
63212,1,20.000000000000004,1
63263,2,20.03921568627451,1
63310,0,20.000000000000007,1
63359,0,20.073529411764707,1
63419,5,13.392156862745093,0
63492,3,20.0,1
63553,5,12.43137254901961,0
63599,1,20.039215686274513,1
63653,1,20.0,1
63700,5,12.431372549019608,0
63755,5,13.725490196078432,0
63828,4,20.40686274509804,1
63878,2,20.029411764705877,1
63928,5,12.551470588235295,0
64002,3,19.999999999999996,1
64051,1,20.039215686274517,1
64119,2,20.0,1
64179,1,20.32843137254902,1
64250,3,20.0,1
64302,1,20.000000000000007,1
64354,1,20.0,1
64407,1,20.0,1
64456,2,20.0,1
64501,5,12.899509803921568,0
64562,5,14.784313725490197,0
64633,3,20.000000000000007,1
64686,5,14.340686274509803,0
64732,5,14.215686274509807,0
64784,5,11.019607843137257,0
64834,5,13.627450980392155,0
64884,5,14.392156862745093,0
64937,5,14.21323529411765,0
64982,0,20.000000000000007,1
65037,3,20.11274509803922,1
65094,5,14.941176470588239,0
65146,1,20.03921568627451,1
65217,5,15.49019607843137,0
65274,5,11.644607843137253,0
65334,3,20.127450980392158,1
65383,1,20.078431372549023,1
65440,2,20.156862745098046,1
65495,5,14.142156862745098,0
65546,1,20.019607843137255,1
65596,5,13.124999999999996,0
65650,2,20.0,1
65705,3,20.0,1
65760,5,12.291666666666666,0
65823,5,12.333333333333329,0
65876,0,20.014705882352942,1
65923,0,20.000000000000007,1
66043,5,13.801470588235286,0
66092,5,13.627450980392155,0
66142,5,13.928921568627455,0
66262,5,12.588235294117643,0
66315,2,19.999999999999996,1
66364,1,20.0,1
66437,5,14.794117647058819,0
66512,4,20.0,1
66568,2,20.078431372549023,1
66621,2,20.0,1
66671,2,20.000000000000007,1
66736,5,14.882352941176473,0
66789,5,14.60294117647059,0
66842,0,20.0,1
66900,5,15.615196078431365,0
66950,0,20.0,1
67001,2,19.999999999999996,1
67055,1,19.999999999999996,1
67110,3,20.039215686274517,1
67163,5,13.041666666666664,0
67217,5,14.573529411764707,0
67270,1,20.0,1
67349,5,16.306372549019606,0
67397,0,20.000000000000004,1
67444,5,14.568627450980394,0
67489,0,20.000000000000004,1
67552,4,20.15686274509804,1
67618,5,15.622549019607845,0
67672,2,20.000000000000004,1
67727,5,15.306372549019608,0
67771,5,11.32843137254902,0
67829,2,19.999999999999993,1
67883,5,14.151960784313722,0
67939,2,20.049019607843135,1
68011,5,14.215686274509808,0
68059,2,19.999999999999996,1
68109,1,20.078431372549023,1
68155,5,11.781862745098039,0
68205,1,20.000000000000007,1
68254,5,11.605392156862743,0
68319,3,20.0,1
68439,5,16.223039215686267,0
68493,5,15.196078431372554,0
68544,5,14.725490196078432,0
68597,2,20.000000000000004,1
68654,5,15.098039215686274,0
68705,2,20.000000000000007,1
68757,2,20.004901960784316,1
68808,1,20.0,1
68866,5,15.41666666666667,0
68908,5,8.28186274509804,0
68958,1,20.0,1
69016,5,12.426470588235293,0
69092,5,15.899509803921566,0
69157,5,10.94362745098039,0
69216,3,19.999999999999996,1
69265,2,19.999999999999996,1
69310,0,20.02450980392157,1
69364,5,14.095588235294118,0
69416,5,10.622549019607845,0
69474,5,15.64705882352941,0
69521,5,13.15441176470588,0
69571,5,13.149509803921575,0
69636,5,15.124999999999996,0
69756,5,17.053921568627445,0
69811,1,19.999999999999996,1
69860,0,20.07843137254902,1
69912,5,10.093137254901958,0
69970,5,15.497549019607842,0
70038,4,20.078431372549023,1
70092,5,10.389705882352942,0
70138,5,9.0,0
70258,5,16.007352941176475,0
70315,4,20.0,1
70364,1,20.00490196078431,1
70426,3,20.0,1
70480,2,20.11764705882353,1
70600,5,15.294117647058819,0
70659,5,12.308823529411763,0
70713,5,15.036764705882353,0
70763,3,20.0,1
70832,5,15.294117647058824,0
70886,5,12.794117647058822,0
70941,0,20.000000000000004,1
70991,5,11.840686274509803,0
71041,5,9.46078431372549,0
71092,2,20.000000000000004,1
71174,4,20.0,1
71238,5,13.492647058823529,0
71298,2,20.000000000000007,1
71344,5,9.914215686274508,0
71402,5,13.835784313725487,0
71454,5,12.392156862745095,0
71509,5,12.995098039215687,0
71555,5,10.22058823529412,0
71611,5,10.463235294117641,0
71665,5,13.647058823529413,0
71716,5,10.512254901960782,0
71836,5,15.710784313725485,0
71894,5,15.816176470588234,0
71948,5,12.137254901960784,0
71997,5,13.144607843137253,0
72054,5,15.196078431372547,0
72115,5,15.87990196078432,0
72176,2,20.000000000000004,1
72225,0,20.0,1
72282,3,20.0,1
72337,5,12.59313725490196,0
72395,5,15.448529411764705,0
72465,5,13.955882352941174,0
72511,1,20.0,1
72563,2,20.000000000000004,1
72614,1,20.000000000000004,1
72676,4,20.039215686274513,1
72721,1,20.0,1
72767,5,12.215686274509805,0
72817,5,12.384803921568627,0
72937,5,14.009803921568619,0
72993,2,20.156862745098035,1
73045,5,14.019607843137258,0
73098,5,13.007352941176476,0
73151,5,9.732843137254903,0
73208,2,20.000000000000007,1
73261,5,10.874999999999993,0
73309,5,13.901960784313728,0
73368,4,20.044117647058822,1
73432,3,20.000000000000004,1
73476,1,19.999999999999996,1
73521,5,11.470588235294116,0
73577,2,20.000000000000004,1
73624,5,10.789215686274508,0
73744,5,14.678921568627443,0
73802,2,20.15686274509804,1
73856,2,20.078431372549016,1
73901,5,9.752450980392156,0
73956,5,12.676470588235295,0
74056,2,20.86274509803921,1
74106,5,11.634803921568626,0
74153,1,20.0,1
74196,5,9.48529411764706,0
74248,5,13.990196078431374,0
74313,5,15.767156862745098,0
74386,5,14.348039215686276,0
74463,3,19.999999999999996,1
74517,5,14.867647058823529,0
74637,5,16.355392156862745,0
74693,5,13.794117647058826,0
74745,2,20.07843137254902,1
74793,5,12.507352941176471,0
74858,5,15.267156862745102,0
74919,5,14.5,0
74974,1,20.0,1
75028,3,19.999999999999996,1
75072,5,11.333333333333332,0
75132,2,20.03921568627451,1
75198,5,15.757352941176473,0
75259,5,15.095588235294123,0
75316,4,20.0,1
75363,5,11.031862745098039,0
75424,5,15.078431372549023,0
75471,5,11.78431372549019,0
75522,5,12.620098039215684,0
75622,5,16.362745098039213,0
75675,5,10.666666666666663,0
75740,5,15.08578431372549,0
75804,5,12.762254901960784,0
75853,5,12.76470588235294,0
75973,5,14.838235294117645,0
76026,5,14.117647058823525,0
76077,1,20.0,1
76142,2,20.024509803921575,1
76262,5,15.333333333333329,0
76313,2,20.03921568627451,1
76433,5,15.941176470588228,0
76483,2,20.0,1
76537,2,19.999999999999993,1
76591,2,20.0,1
76638,5,10.691176470588237,0
76691,2,20.000000000000004,1
76740,2,20.039215686274506,1
76790,1,20.03921568627451,1
76840,2,20.000000000000004,1
76903,4,20.0,1
76953,2,20.000000000000007,1
77005,0,20.0,1
77065,2,20.004901960784316,1
77122,5,14.35049019607843,0
77168,1,20.000000000000004,1
77214,0,20.0,1
77297,5,16.095588235294116,0
77349,1,20.0,1
77401,1,20.196078431372552,1
77452,5,11.58578431372549,0
77495,0,19.999999999999996,1
77543,1,19.999999999999996,1
77607,3,20.044117647058826,1
77670,3,20.196078431372552,1
77718,3,20.0,1
77782,3,19.999999999999996,1
77835,1,20.03921568627451,1
77884,0,20.0,1
77932,0,20.000000000000004,1
77983,1,20.117647058823533,1
78035,3,20.06372549019608,1
78087,2,20.000000000000007,1
78146,2,20.196078431372552,1
78204,5,13.098039215686276,0
78257,1,20.235294117647058,1
78299,5,12.53921568627451,0
78345,5,10.862745098039213,0
78396,3,20.000000000000004,1
78442,5,9.365196078431369,0
78516,5,14.49019607843137,0
78580,3,20.23039215686274,1
78630,5,13.078431372549025,0
78679,2,20.000000000000004,1
78731,2,20.0,1
78778,5,11.602941176470589,0
78826,0,20.0,1
78892,5,13.732843137254898,0
78977,4,20.039215686274513,1
79025,1,20.0,1
79071,1,20.0,1
79119,5,12.156862745098039,0
79166,2,20.000000000000004,1
79214,0,20.07843137254902,1
79269,2,20.07843137254902,1
79327,3,20.03921568627451,1
79373,5,12.938725490196076,0
79422,3,20.000000000000004,1
79474,2,20.0,1
79531,5,14.546568627450977,0
79651,5,16.45343137254902,0
79767,5,16.541666666666668,0
79827,2,20.000000000000004,1
79947,5,16.41176470588235,0
80001,5,11.563725490196079,0
80048,0,20.000000000000004,1
80098,5,12.387254901960782,0
80145,5,11.50980392156863,0
80195,2,20.000000000000007,1
80242,0,20.000000000000004,1
80286,1,20.000000000000004,1
80340,2,20.039215686274506,1
80430,3,20.524509803921568,1
80492,5,16.122549019607845,0
80549,2,20.0,1
80600,1,20.019607843137255,1
80649,4,20.000000000000004,1
80705,4,20.132352941176475,1
80753,1,20.000000000000004,1
80806,1,20.284313725490197,1
80852,1,20.039215686274506,1
80904,2,20.0,1
80944,0,20.0,1
80991,1,20.0,1
81035,0,20.000000000000007,1
81101,4,20.000000000000004,1
81168,4,20.196078431372555,1
81223,2,20.117647058823533,1
81282,3,20.11764705882353,1
81333,1,20.078431372549023,1
81384,2,20.0,1
81504,5,15.700980392156858,0
81552,5,10.306372549019608,0
81608,5,13.615196078431367,0
81659,1,20.000000000000004,1
81703,0,20.0,1
81753,5,11.32598039215686,0
81797,0,20.0,1
81850,1,20.034313725490193,1
81902,1,20.09313725490196,1
81957,5,10.372549019607842,0
82023,5,12.039215686274506,0
82078,5,13.235294117647062,0
82136,5,11.588235294117645,0
82186,2,20.000000000000004,1
82237,5,14.235294117647056,0
82291,1,20.0,1
82365,5,15.705882352941172,0
82485,5,16.705882352941174,0
82531,0,20.039215686274513,1
82578,2,20.0,1
82633,1,20.0,1
82686,1,20.000000000000004,1
82742,3,20.117647058823533,1
82790,1,20.0,1
82832,0,20.000000000000004,1
82952,5,15.31372549019607,0
83001,1,19.999999999999996,1
83043,0,20.0,1
83093,5,14.137254901960784,0
83154,3,20.063725490196077,1
83216,5,10.397058823529406,0
83262,0,20.000000000000007,1
83320,4,20.000000000000004,1
83440,5,15.247549019607838,0
83491,2,20.0,1
83549,5,15.561274509803924,0
83592,0,20.0,1
83654,5,15.058823529411761,0
83706,1,20.000000000000004,1
83752,0,20.000000000000004,1
83800,2,20.000000000000004,1
83844,0,19.999999999999996,1
83886,2,20.0,1
83937,5,13.120098039215689,0
84007,5,15.823529411764707,0
84077,5,14.661764705882346,0
84123,0,20.000000000000004,1
84243,5,14.931372549019606,0
84305,5,13.156862745098037,0
84376,5,13.196078431372545,0
84431,3,20.0,1
84496,5,12.041666666666666,0
84546,5,14.568627450980395,0
84600,2,20.07843137254902,1
84646,2,20.0,1
84766,5,12.941176470588237,0
84819,5,12.862745098039216,0
84868,1,20.000000000000004,1
84922,2,20.000000000000004,1
84970,5,8.68627450980392,0
85010,0,20.000000000000004,1
85054,1,20.0,1
85111,4,20.0,1
85158,2,20.03921568627451,1
85206,1,20.0,1
85256,1,19.999999999999996,1
85306,0,20.039215686274513,1
85352,1,20.000000000000004,1
85412,5,15.56862745098039,0
85461,1,20.0,1
85508,0,20.0,1
85551,2,20.0,1
85597,5,9.970588235294112,0
85644,1,20.0,1
85700,3,20.0,1
85746,5,11.35294117647059,0
85787,0,19.999999999999996,1
85831,0,20.0,1
85886,5,15.372549019607844,0
85959,5,15.367647058823524,0
86021,5,15.019607843137258,0
86073,2,20.000000000000004,1
86126,3,20.0,1
86172,1,20.0,1
86217,0,20.0,1
86261,0,20.0,1
86314,2,20.000000000000007,1
86362,1,20.000000000000004,1
86412,1,19.999999999999996,1
86455,0,20.000000000000004,1
86507,2,20.000000000000004,1
86557,1,19.999999999999996,1
86615,2,20.0,1
86672,2,20.000000000000004,1
86717,1,20.0,1
86768,1,20.0,1
86818,5,12.25490196078431,0
86868,2,20.0,1
86908,5,8.9828431372549,0
86969,5,15.745098039215687,0
87013,1,20.000000000000007,1
87067,2,20.0,1
87112,5,12.843137254901963,0
87159,0,20.000000000000007,1
87220,5,15.647058823529418,0
87264,0,20.0,1
87322,5,15.313725490196076,0
87378,4,20.0,1
87424,1,20.000000000000004,1
87472,1,20.000000000000004,1
87524,5,13.549019607843139,0
87567,2,20.000000000000004,1
87609,5,10.92156862745098,0
87659,2,20.000000000000004,1
87709,1,20.0,1
87758,3,20.000000000000004,1
87813,3,20.000000000000004,1
87855,2,20.000000000000004,1
87908,2,20.000000000000007,1
87959,2,20.000000000000004,1
88011,3,19.999999999999996,1
88060,0,20.0,1
88105,5,9.286764705882351,0
88159,1,20.03921568627451,1
88213,1,20.0,1
88266,1,20.000000000000004,1
88327,5,15.725490196078423,0
88374,5,13.03921568627451,0
88423,1,20.000000000000004,1
88480,2,20.07843137254902,1
88538,5,14.34313725490196,0
88597,2,20.07843137254902,1
88657,3,20.000000000000004,1
88704,5,11.294117647058822,0
88754,3,20.0,1
88803,0,20.000000000000004,1
88858,3,20.0,1
88907,5,12.450980392156865,0
88972,2,20.000000000000004,1
89030,5,12.325980392156863,0
89088,5,15.058823529411763,0
89138,5,13.66421568627451,0
89190,3,20.000000000000004,1
89239,0,20.0,1
89290,1,20.000000000000004,1
89337,0,20.000000000000004,1
89382,0,20.07843137254902,1
89432,5,12.96078431372549,0
89485,2,20.0,1
89531,0,20.000000000000004,1
89574,1,20.000000000000004,1
89631,3,20.039215686274513,1
89677,0,20.0,1
89731,2,20.0,1
89780,5,12.000000000000005,0
89833,1,20.0,1
89876,1,19.999999999999996,1
89926,0,19.999999999999996,1
89984,5,9.607843137254902,0
90051,4,20.25980392156863,1
90104,2,19.999999999999996,1
90157,2,20.0,1
90205,1,20.11764705882353,1
90249,1,20.000000000000004,1
90306,5,12.784313725490197,0
90354,1,20.0,1
90411,2,20.000000000000004,1
90463,1,20.0,1
90510,1,20.03921568627451,1
90559,3,20.000000000000004,1
90606,5,11.117647058823529,0
90726,5,15.955882352941169,0
90790,3,19.999999999999996,1
90842,1,20.03921568627451,1
90898,3,20.0,1
90941,5,12.333333333333334,0
91001,4,19.999999999999993,1
91056,5,13.480392156862747,0
91102,1,20.000000000000007,1
91153,5,13.70588235294118,0
91194,0,20.000000000000007,1
91248,3,20.000000000000007,1
91299,1,20.000000000000004,1
91357,3,19.999999999999996,1
91411,2,20.0,1
91461,2,20.0,1
91508,5,11.71323529411765,0
91566,2,20.0,1
91618,2,20.000000000000004,1
91672,3,20.000000000000004,1
91728,3,20.000000000000004,1
91795,5,15.23529411764706,0
91848,0,19.999999999999993,1
91902,5,13.348039215686276,0
91958,2,20.0,1
92014,2,20.23039215686275,1
92058,0,20.03921568627451,1
92104,0,19.999999999999996,1
92154,5,14.115196078431373,0
92203,1,20.000000000000004,1
92262,3,20.078431372549023,1
92313,2,20.0,1
92361,5,11.352941176470582,0
92422,3,20.03921568627451,1
92466,2,20.034313725490197,1
92523,5,15.522058823529415,0
92569,1,20.039215686274513,1
92629,3,20.083333333333332,1
92676,1,20.000000000000004,1
92719,1,19.999999999999996,1
92766,5,11.960784313725487,0
92824,2,20.000000000000004,1
92869,5,9.031862745098042,0
92928,5,14.335784313725489,0
92979,3,20.0,1
93038,3,20.0,1
93085,0,20.03921568627451,1
93132,5,13.039215686274508,0
93184,2,20.000000000000004,1
93238,2,20.0,1
93294,4,20.0,1
93348,2,20.000000000000004,1
93400,1,20.000000000000004,1
93460,3,20.0,1
93513,2,20.000000000000004,1
93564,1,20.0,1
93625,2,20.352941176470587,1
93668,1,20.0,1
93719,5,12.156862745098042,0
93768,1,20.039215686274513,1
93820,2,19.999999999999996,1
93879,5,14.546568627450986,0
93925,5,12.747549019607842,0
93981,5,13.47058823529412,0
94030,1,20.000000000000007,1
94095,5,15.659313725490193,0
94161,5,15.759803921568626,0
94223,5,15.799019607843139,0
94270,5,12.424019607843135,0
94316,5,12.215686274509803,0
94379,3,20.0,1
94432,5,11.16176470588235,0
94484,2,20.0,1
94535,2,20.000000000000007,1
94587,2,20.000000000000004,1
94641,5,15.034313725490197,0
94685,2,20.0,1
94733,2,20.0,1
94781,1,20.0,1
94832,2,20.000000000000004,1
94891,3,20.0,1
94945,5,14.176470588235293,0
94996,1,20.000000000000004,1
95046,1,20.0,1
95108,5,15.13725490196078,0
95161,2,20.0,1
95211,1,20.0,1
95263,2,20.0,1
95307,1,20.000000000000004,1
95355,1,19.999999999999996,1
95408,5,13.372549019607844,0
95468,5,11.519607843137253,0
95515,2,19.999999999999996,1
95568,5,13.686274509803921,0
95619,1,20.0,1
95683,5,14.078431372549016,0
95756,5,15.823529411764703,0
95804,1,20.0,1
95853,0,20.0,1
95903,1,20.039215686274517,1
95955,1,20.000000000000004,1
96012,5,14.419117647058824,0
96074,5,11.259803921568627,0
96117,5,9.23529411764706,0
96180,3,20.039215686274503,1
96300,5,15.563725490196072,0
96348,2,20.0,1
96397,0,19.999999999999996,1
96450,2,20.117647058823525,1
96502,2,20.0,1
96561,2,20.000000000000004,1
96623,0,20.039215686274513,1
96676,5,14.585784313725496,0
96729,2,19.999999999999996,1
96777,5,10.37745098039216,0
96830,2,19.999999999999996,1
96887,5,15.392156862745102,0
97007,5,14.085784313725481,0
97064,2,20.156862745098042,1
97115,1,20.11764705882353,1
97171,1,20.0,1
97231,3,20.0,1
97284,2,20.0,1
97357,4,19.999999999999993,1
97411,3,20.0,1
97462,2,20.0,1
97515,3,20.000000000000004,1
97635,5,15.89460784313725,0
97680,0,19.999999999999996,1
97727,1,19.999999999999996,1
97771,0,20.0,1
97821,5,11.803921568627446,0
97886,3,20.0,1
97932,2,20.000000000000004,1
97983,2,20.039215686274513,1
98031,2,20.0,1
98096,5,12.490196078431369,0
98150,1,20.078431372549012,1
98204,3,20.039215686274513,1
98261,3,20.03921568627451,1
98324,4,20.039215686274517,1
98374,5,12.191176470588232,0
98425,1,20.000000000000004,1
98473,2,20.000000000000004,1
98525,2,20.0,1
98579,3,20.0,1
98632,3,20.0,1
98686,3,20.11764705882353,1
98740,5,14.071078431372548,0
98787,2,20.000000000000004,1
98852,5,15.47794117647059,0
98900,1,20.0,1
98960,4,20.0,1
99010,5,13.000000000000004,0
99065,5,14.497549019607844,0
99122,3,20.0,1
99173,1,20.161764705882348,1
99234,2,20.078431372549023,1
99288,3,20.000000000000007,1
99332,1,20.0,1
99385,5,12.843137254901958,0
99435,5,10.529411764705882,0
99481,0,20.07352941176471,1
99540,3,20.000000000000004,1
99598,2,20.117647058823533,1
99646,1,20.0,1
99688,0,20.000000000000004,1
99733,0,20.0,1
99777,0,20.0,1
99834,3,20.000000000000004,1
99891,3,20.0,1
99940,5,11.235294117647058,0
99996,3,20.11764705882353,1
100048,2,20.0,1
100111,3,20.27450980392157,1
100160,1,20.000000000000004,1
100220,5,15.019607843137255,0
100264,1,20.0,1
100311,1,20.0,1
100356,1,20.0,1
100431,3,20.161764705882355,1
100480,2,19.999999999999996,1
100522,0,20.0,1
100569,2,20.000000000000004,1
100614,1,20.000000000000004,1
100665,0,20.000000000000004,1
100720,2,20.07843137254902,1
100767,2,20.000000000000004,1
100818,2,20.0,1
100868,1,20.000000000000004,1
100914,1,20.0,1
100962,2,20.0,1
101018,2,19.999999999999996,1
101095,3,20.28921568627451,1
101143,3,20.000000000000004,1
101194,2,20.0,1
101247,3,20.078431372549023,1
101299,1,20.000000000000004,1
101359,3,20.0,1
101403,0,20.0,1
101465,5,14.931372549019613,0
101519,5,13.237745098039216,0
101575,4,20.000000000000007,1
101656,5,15.762254901960778,0
101701,1,20.0,1
101749,2,20.000000000000004,1
101869,5,11.916666666666664,0
101914,1,20.000000000000004,1
101965,1,19.999999999999996,1
102085,5,14.828431372549018,0
102136,2,20.03921568627451,1
102195,2,19.999999999999996,1
102246,2,20.0,1
102289,2,20.0,1
102349,2,20.102941176470587,1
102397,1,20.058823529411764,1
102456,1,20.000000000000007,1
102509,2,20.0,1
102563,1,20.0,1
102624,5,14.156862745098042,0
102681,5,15.000000000000004,0
102736,3,20.029411764705884,1
102795,3,20.000000000000007,1
102843,2,20.0,1
102895,2,20.000000000000004,1
102947,2,20.0,1
102992,1,20.0,1
103045,2,20.0,1
103099,5,12.92647058823529,0
103143,5,10.855392156862745,0
103263,5,15.749999999999991,0
103363,5,16.593137254901958,0
103417,0,20.07843137254902,1
103466,2,20.0,1
103510,1,20.0,1
103564,3,20.03921568627451,1
103612,1,20.000000000000004,1
103669,3,20.01470588235295,1
103729,3,20.0,1
103780,1,20.0,1
103834,3,20.0,1
103878,1,20.0,1
103930,2,19.999999999999993,1
103977,1,20.000000000000004,1
104021,1,20.000000000000004,1
104071,1,20.0,1
104138,5,13.078431372549018,0
104179,0,20.0,1
104226,1,19.999999999999993,1
104275,0,20.029411764705884,1
104325,5,14.823529411764708,0
104388,5,15.705882352941178,0
104443,2,20.000000000000004,1
104484,1,20.000000000000007,1
104540,3,20.000000000000004,1
104585,1,20.000000000000004,1
104639,1,19.999999999999996,1
104705,5,15.843137254901963,0
104751,1,20.000000000000004,1
104797,0,20.0,1
104846,5,11.544117647058822,0
104902,2,20.0,1
104952,1,20.0,1
105072,5,15.600490196078427,0
105137,5,15.058823529411764,0
105189,2,20.000000000000007,1
105248,3,20.0,1
105300,2,20.0,1
105344,1,20.0,1
105391,2,20.0,1
105434,1,20.0,1
105478,0,20.0,1
105521,5,10.291666666666668,0
105573,1,20.000000000000004,1
105623,1,19.999999999999996,1
105670,5,11.612745098039216,0
105723,1,20.000000000000004,1
105779,3,20.000000000000004,1
105823,2,20.000000000000007,1
105873,2,20.0,1
105934,5,16.078431372549023,0
105982,0,20.0,1
106034,2,19.999999999999996,1
106097,4,20.078431372549012,1
106164,4,20.0,1
106214,2,20.0,1
106261,0,20.0,1
106306,0,20.000000000000004,1
106362,2,20.15686274509804,1
106482,5,16.379901960784306,0
106540,3,20.117647058823533,1
106603,3,19.999999999999996,1
106650,2,20.0,1
106706,3,20.0,1
106759,5,12.7843137254902,0
106823,5,15.862745098039222,0
106870,1,20.0,1
106921,5,10.470588235294114,0
106979,5,14.470588235294118,0
107024,1,20.0,1
107085,5,14.333333333333332,0
107127,5,10.178921568627453,0
107180,2,20.0,1
107230,0,20.0,1
107284,3,20.000000000000007,1
107333,5,10.76470588235294,0
107384,5,12.132352941176471,0
107436,2,20.000000000000004,1
107479,1,20.000000000000004,1
107528,1,20.15686274509804,1
107648,5,14.921568627450979,0
107693,1,20.03921568627451,1
107737,0,19.999999999999996,1
107793,3,20.000000000000007,1
107839,1,20.03921568627451,1
107890,2,20.0,1
107947,5,13.56617647058823,0
107993,1,20.117647058823522,1
108047,1,20.0,1
108096,1,20.000000000000004,1
108149,5,12.575980392156865,0
108206,5,15.232843137254907,0
108250,1,19.999999999999996,1
108296,1,20.000000000000004,1
108349,1,20.0,1
108393,0,20.0,1
108451,5,13.068627450980394,0
108502,0,20.0,1
108559,5,11.99754901960784,0
108612,5,12.039215686274511,0
108658,2,20.000000000000004,1
108719,5,15.666666666666666,0
108771,2,20.0,1
108830,5,15.490196078431373,0
108881,5,10.11764705882353,0
108929,1,20.000000000000004,1
108975,1,20.000000000000004,1
109032,4,20.0,1
109152,5,15.627450980392153,0
109200,1,20.0,1
109251,1,20.000000000000007,1
109301,2,20.0,1
109352,0,19.999999999999996,1
109398,2,20.0,1
109458,3,20.11764705882353,1
109506,1,20.000000000000004,1
109551,1,20.000000000000004,1
109606,3,20.000000000000004,1
109652,5,11.470588235294116,0
109700,1,20.000000000000004,1
109746,1,20.000000000000004,1
109792,1,20.0,1
109839,5,12.215686274509807,0
109890,5,14.313725490196076,0
109939,0,20.000000000000004,1
109997,5,14.176470588235295,0
110046,5,14.372549019607845,0
110096,5,11.45343137254902,0
110142,5,12.921568627450977,0
110194,3,20.0,1
110239,2,19.999999999999996,1
110293,5,14.647058823529415,0
110341,1,20.000000000000004,1
110389,2,20.000000000000004,1
110439,5,9.509803921568622,0
110487,1,20.117647058823525,1
110538,5,13.509803921568627,0
110592,4,20.0,1
110645,5,11.725490196078432,0
110713,5,12.607843137254902,0
110778,1,20.03921568627451,1
110830,1,20.0,1
110878,0,20.0,1
110936,5,11.879901960784311,0
110981,1,20.039215686274506,1
111027,0,20.039215686274506,1
111083,1,19.999999999999996,1
111129,5,11.56862745098039,0
111193,5,15.725490196078429,0
111245,1,20.000000000000004,1
111309,5,12.980392156862743,0
111367,2,20.0,1
111416,1,20.039215686274517,1
111476,5,14.156862745098039,0
111531,3,20.0,1
111582,1,20.0,1
111628,5,12.659313725490197,0
111686,5,14.686274509803923,0
111746,5,13.872549019607842,0
111798,2,20.039215686274506,1
111849,1,20.0,1
111910,5,14.647058823529415,0
111961,2,20.235294117647058,1
112013,1,20.0,1
112090,5,15.568627450980387,0
112133,5,10.333333333333336,0
112180,0,20.0,1
112231,1,20.0,1
112280,5,12.83333333333333,0
112330,2,20.000000000000004,1
112381,5,12.196078431372545,0
112431,1,20.000000000000004,1
112478,1,20.0,1
112531,3,20.0,1
112578,1,20.0,1
112632,3,19.999999999999996,1
112686,5,14.52941176470588,0
112751,3,20.0,1
112809,5,13.541666666666663,0
112853,0,20.0,1
112910,2,20.156862745098042,1
112953,1,20.0,1
112997,0,20.0,1
113053,5,13.676470588235292,0
113097,1,20.000000000000004,1
113150,2,20.000000000000004,1
113270,5,16.178921568627445,0
113318,2,20.0,1
113364,0,20.000000000000004,1
113415,5,14.392156862745102,0
113460,1,20.000000000000004,1
113505,0,20.000000000000004,1
113550,0,20.07843137254902,1
113599,1,20.0,1
113651,1,20.0,1
113712,5,12.803921568627443,0
113832,5,14.776960784313715,0
113880,1,20.11764705882353,1
113932,2,20.0,1
113974,1,20.0,1
114021,2,20.0,1
114066,1,20.117647058823533,1
114115,1,20.0,1
114168,2,20.0,1
114221,5,14.07107843137255,0
114267,0,19.999999999999996,1
114314,1,20.0,1
114366,1,20.0,1
114428,4,20.274509803921568,1
114477,1,20.0,1
114526,5,12.19607843137255,0
114579,2,20.0,1
114627,1,20.0,1
114677,2,20.000000000000004,1
114723,0,20.000000000000007,1
114765,0,20.000000000000004,1
114815,5,14.149509803921568,0
114870,5,13.379901960784313,0
114924,2,20.03921568627451,1
114964,1,20.0,1
115017,2,20.0,1
115069,2,20.000000000000004,1
115114,1,20.000000000000004,1
115171,5,15.392156862745095,0
115222,1,20.039215686274517,1
115269,1,20.02941176470589,1
115324,1,20.03921568627451,1
115375,2,20.000000000000004,1
115426,5,11.372549019607842,0
115470,0,20.000000000000004,1
115517,0,20.0,1
115567,1,20.0,1
115625,3,20.000000000000004,1
115682,5,13.078431372549023,0
115730,1,20.0,1
115783,5,12.921568627450982,0
115830,1,20.078431372549016,1
115877,1,20.000000000000004,1
115932,2,19.999999999999996,1
115975,0,20.0,1
116024,0,20.078431372549023,1
116079,1,20.09803921568627,1
116123,0,20.0,1
116172,0,20.000000000000004,1
116222,1,20.0,1
116273,1,20.000000000000004,1
116328,1,19.999999999999996,1
116374,0,20.0,1
116415,0,20.000000000000004,1
116465,1,20.000000000000004,1
116511,5,12.098039215686272,0
116557,0,20.000000000000004,1
116613,3,20.000000000000004,1
116665,2,19.999999999999996,1
116719,1,20.0,1
116769,1,20.039215686274513,1
116823,5,12.894607843137257,0
116943,5,14.37254901960784,0
116994,1,20.0,1
117038,5,11.45833333333333,0
117093,2,20.0,1
117136,0,20.0,1
117182,5,10.431372549019606,0
117231,1,20.10294117647059,1
117285,1,20.000000000000004,1
117344,3,20.014705882352946,1
117386,0,20.000000000000004,1
117427,0,20.0,1
117471,0,20.07843137254902,1
117521,1,20.000000000000004,1
117571,5,14.009803921568626,0
117612,0,20.0,1
117666,5,12.750000000000004,0
117716,5,14.24754901960785,0
117771,5,14.068627450980383,0
117822,3,20.0,1
117873,1,19.999999999999996,1
117929,5,14.647058823529411,0
117973,0,20.0,1
118017,1,20.0,1
118078,5,13.007352941176464,0
118128,5,11.235294117647058,0
118177,1,20.0,1
118233,5,13.76470588235294,0
118283,2,19.999999999999996,1
118334,3,20.0,1
118404,3,20.0,1
118445,1,20.000000000000007,1
118495,5,12.86274509803921,0
118545,5,11.352941176470582,0
118597,5,11.588235294117641,0
118651,5,14.588235294117649,0
118704,5,11.156862745098039,0
118748,5,10.906862745098037,0
118802,2,19.999999999999993,1
118850,3,20.03921568627451,1
118970,5,15.725490196078429,0
119016,0,20.0,1
119067,2,20.000000000000004,1
119128,2,20.0,1
119178,2,20.039215686274513,1
119229,2,20.000000000000004,1
119283,5,12.019607843137248,0
119352,3,20.0,1
119416,5,14.980392156862745,0
119536,5,13.450980392156861,0
119580,5,11.50980392156863,0
119622,1,20.0,1
119694,4,20.0,1
119754,5,15.784313725490197,0
119801,0,20.0,1
119843,1,20.03921568627451,1
119890,5,10.607843137254902,0
119934,0,20.000000000000007,1
119983,5,12.549019607843139,0
120030,2,20.000000000000007,1
120089,5,10.843137254901958,0
120140,2,20.0,1
120187,0,20.0,1
120235,2,20.000000000000004,1
120285,1,20.000000000000004,1
120328,0,20.000000000000004,1
120371,0,20.000000000000004,1
120418,2,20.000000000000004,1
120463,5,10.102941176470585,0
120506,5,12.88235294117647,0
120551,0,20.0,1
120605,5,13.52941176470588,0
120725,5,15.64950980392156,0
120785,4,20.034313725490193,1
120827,5,9.09558823529412,0
120878,1,20.000000000000007,1
120929,3,20.0,1
120983,5,14.750000000000002,0
121030,0,20.0,1
121086,1,20.151960784313726,1
121136,2,20.000000000000004,1
121188,1,20.0,1
121234,1,20.000000000000007,1
121281,1,20.0,1
121322,0,20.0,1
121381,3,20.156862745098046,1
121431,5,12.634803921568624,0
121476,2,20.000000000000007,1
121523,1,20.0,1
121569,3,20.000000000000007,1
121623,5,13.63970588235294,0
121669,2,20.0,1
121789,5,15.186274509803914,0
121831,5,10.24019607843137,0
121889,5,15.294117647058824,0
121939,1,20.000000000000004,1
122000,3,20.0,1
122056,5,13.647058823529413,0
122114,5,13.039215686274517,0
122159,0,20.03921568627451,1
122210,5,12.254901960784311,0
122265,5,12.450980392156861,0
122304,5,9.666666666666666,0
122356,2,20.0,1
122402,1,20.03921568627451,1
122455,3,20.000000000000004,1
122503,5,11.399509803921568,0
122546,5,11.061274509803917,0
122589,1,20.0,1
122648,5,15.142156862745095,0
122686,5,9.392156862745098,0
122731,5,12.382352941176471,0
122784,3,20.000000000000004,1
122831,1,20.000000000000004,1
122884,1,20.0,1
122927,5,10.953431372549016,0
122976,0,20.0,1
123026,5,12.843137254901963,0
123067,5,11.110294117647058,0
123120,2,20.0,1
123174,5,15.196078431372557,0
123230,5,14.686274509803923,0
123277,1,20.000000000000004,1
123323,2,20.0,1
123369,5,11.921568627450984,0
123415,5,14.154411764705884,0
123463,1,20.0,1
123512,2,20.000000000000004,1
123562,5,12.879901960784313,0
123612,5,15.098039215686278,0
123655,5,10.688725490196079,0
123697,1,20.0,1
123748,5,15.725490196078432,0
123802,5,13.686274509803916,0
123849,2,20.000000000000004,1
123903,3,20.0,1
123948,0,20.0,1
124005,5,15.759803921568631,0
124062,3,19.999999999999996,1
124114,5,13.294117647058824,0
124164,5,14.745098039215689,0
124212,1,20.0,1
124271,4,20.039215686274517,1
124323,2,20.000000000000007,1
124374,1,20.0,1
124422,0,20.0,1
124468,5,11.992647058823527,0
124518,2,20.000000000000004,1
124564,2,20.0,1
124613,2,20.000000000000004,1
124660,2,20.000000000000004,1
124704,1,20.000000000000004,1
124748,1,20.000000000000004,1
124795,2,20.0,1
124840,2,20.000000000000007,1
124889,2,20.0,1
124953,4,20.0,1
125002,2,20.0,1
125056,2,20.05882352941177,1
125117,5,15.348039215686276,0
125164,1,20.0,1
125214,5,11.512254901960782,0
125258,1,20.000000000000004,1
125305,1,20.000000000000004,1
125357,5,13.862745098039214,0
125406,2,20.000000000000007,1
125448,0,20.000000000000004,1
125494,1,20.0,1
125540,1,20.03921568627451,1
125585,1,20.0,1
125636,2,20.0,1
125688,2,20.000000000000004,1
125743,3,20.112745098039213,1
125792,1,20.0,1
125853,5,15.843137254901968,0
125897,0,20.000000000000004,1
125949,2,20.11764705882353,1
125992,0,20.0,1
126045,5,11.517156862745095,0
126088,1,20.0,1
126140,1,20.03921568627451,1
126186,5,11.355392156862743,0
126233,2,20.0,1
126353,5,13.794117647058822,0
126396,1,20.0,1
126445,2,20.000000000000004,1
126491,1,20.000000000000004,1
126533,0,20.0,1
126581,1,20.0,1
126630,1,20.000000000000007,1
126677,2,20.000000000000004,1
126739,5,15.098039215686276,0
126785,5,10.056372549019605,0
126835,2,19.999999999999996,1
126888,1,20.07843137254902,1
126940,2,20.156862745098046,1
126984,1,20.029411764705888,1
127034,1,19.999999999999996,1
127079,1,20.000000000000004,1
127127,2,20.000000000000004,1
127178,5,11.490196078431373,0
127227,1,20.000000000000004,1
127276,2,20.000000000000007,1
127323,1,20.0,1
127365,5,10.100490196078432,0
127415,1,20.0,1
127469,5,14.019607843137257,0
127526,5,15.86274509803921,0
127568,1,20.000000000000007,1
127618,5,13.70343137254902,0
127667,1,20.0,1
127713,0,20.0,1
127768,3,20.07843137254902,1
127821,5,15.803921568627457,0
127881,5,13.058823529411766,0
127925,1,20.000000000000004,1
127976,3,20.0,1
128022,3,20.000000000000004,1
128072,5,14.058823529411763,0
128192,5,16.56617647058823,0
128242,5,14.86274509803922,0
128291,5,14.078431372549016,0
128343,2,20.0,1
128396,1,20.0,1
128437,5,9.799019607843139,0
128476,5,9.862745098039213,0
128527,5,13.8406862745098,0
128585,5,15.745098039215685,0
128643,5,15.700980392156866,0
128685,5,11.914215686274513,0
128731,5,11.110294117647062,0
128802,5,14.639705882352944,0
128845,5,11.450980392156865,0
128901,5,12.990196078431374,0
128957,4,20.0,1
128995,5,9.88235294117647,0
129041,2,20.000000000000004,1
129086,5,15.156862745098039,0
129135,5,12.605392156862752,0
129182,2,20.000000000000004,1
129230,5,13.90196078431373,0
129289,5,14.411764705882351,0
129342,2,20.0,1
129395,5,13.70588235294118,0
129433,5,9.874999999999998,0
129482,3,20.000000000000004,1
129528,1,20.000000000000007,1
129584,3,20.0,1
129637,1,20.0,1
129683,1,20.0,1
129726,0,19.999999999999996,1
129785,5,14.921568627450979,0
129838,5,8.970588235294114,0
129893,2,20.000000000000004,1
129935,5,10.661764705882355,0
129984,2,20.000000000000004,1
130031,5,11.825980392156863,0
130081,5,15.117647058823536,0
130133,2,20.039215686274513,1
130175,5,12.47058823529412,0
130229,5,13.855392156862745,0
130281,4,20.000000000000004,1
130329,0,20.0,1
130386,5,15.509803921568631,0
130506,5,14.70833333333333,0
130556,1,20.07843137254902,1
130606,5,13.862745098039218,0
130660,4,20.000000000000004,1
130710,3,20.0,1
130830,5,13.960784313725485,0
130874,0,19.99999999999999,1
130924,4,20.000000000000004,1
130975,3,20.0,1
131022,5,14.352941176470587,0
131142,5,15.387254901960786,0
131194,3,20.000000000000007,1
131242,2,19.999999999999996,1
131299,5,15.38725490196079,0
131342,1,19.999999999999996,1
131385,2,20.0,1
131442,5,15.666666666666664,0
131490,2,19.999999999999996,1
131551,5,15.247549019607845,0
131612,4,20.000000000000004,1
131660,0,20.0,1
131708,3,20.0,1
131828,5,15.313725490196074,0
131875,1,20.000000000000007,1
131921,5,10.823529411764703,0
131965,1,20.000000000000007,1
132019,2,20.000000000000004,1
132068,0,20.000000000000004,1
132114,0,20.000000000000004,1
132154,0,20.000000000000004,1
132212,5,14.674019607843135,0
132262,5,12.578431372549018,0
132307,1,20.0,1
132361,5,9.176470588235292,0
132402,0,20.0,1
132444,1,20.0,1
132493,2,20.000000000000007,1
132537,0,20.0,1
132588,1,20.0,1
132640,5,12.387254901960784,0
132681,1,20.0,1
132801,5,16.27941176470588,0
132857,3,20.000000000000004,1
132910,3,20.000000000000004,1
132952,5,11.468137254901958,0
132998,5,12.862745098039218,0
133044,2,20.0,1
133088,1,20.000000000000007,1
133138,3,20.078431372549023,1
133180,0,20.0,1
133227,2,20.0,1
133277,2,20.0,1
133321,1,20.03921568627451,1
133368,5,14.176470588235295,0
133425,3,20.000000000000004,1
133468,5,11.784313725490199,0
133513,1,20.0,1
133565,1,20.0,1
133621,5,11.867647058823529,0
133664,1,19.999999999999996,1
133709,0,20.0,1
133762,5,14.35294117647059,0
133815,5,15.078431372549021,0
133857,0,20.000000000000004,1
133908,5,15.43137254901961,0
133953,1,20.000000000000004,1
134003,5,13.607843137254903,0
134050,5,13.095588235294116,0
134111,5,14.845588235294118,0
134161,5,14.098039215686276,0
134203,2,19.999999999999996,1
134252,1,20.000000000000004,1
134297,2,20.000000000000004,1
134344,1,20.000000000000004,1
134386,5,11.705882352941178,0
134427,0,20.000000000000007,1
134473,0,20.0,1
134517,1,20.000000000000004,1
134592,5,15.65441176470588,0
134636,0,20.0,1
134683,3,20.0,1
134724,0,20.0,1
134767,5,12.74509803921569,0
134812,0,20.000000000000004,1
134856,1,20.0,1
134898,5,12.372549019607845,0
134949,0,20.0,1
135000,1,20.0,1
135057,5,14.117647058823533,0
135098,1,20.0,1
135142,1,20.0,1
135190,1,19.999999999999996,1
135240,2,20.000000000000004,1
135289,2,20.0,1
135332,5,12.27450980392157,0
135380,3,20.0,1
135427,5,14.502450980392158,0
135475,1,20.000000000000004,1
135529,2,19.999999999999996,1
135569,0,20.000000000000004,1
135635,3,20.000000000000004,1
135676,5,11.098039215686276,0
135729,5,12.487745098039216,0
135775,0,20.000000000000004,1
135815,0,20.0,1
135861,5,13.235294117647058,0
135913,2,20.02941176470589,1
135962,5,14.79166666666667,0
136012,0,20.0,1
136132,5,16.088235294117645,0
136194,1,20.000000000000004,1
136256,3,20.049019607843142,1
136297,0,20.0,1
136348,2,20.000000000000007,1
136400,2,20.0,1
136450,5,14.039215686274506,0
136489,0,20.0,1
136542,3,20.000000000000004,1
136593,2,20.000000000000004,1
136632,0,20.000000000000004,1
136679,5,11.70588235294118,0
136723,0,20.0,1
136774,1,20.039215686274513,1
136814,5,11.507352941176476,0
136866,3,20.03921568627451,1
136919,3,19.999999999999996,1
136962,1,20.000000000000004,1
137001,0,20.0,1
137055,5,11.803921568627452,0
137092,5,10.686274509803923,0
137157,4,19.999999999999996,1
137207,2,20.000000000000004,1
137259,1,20.000000000000004,1
137300,0,19.999999999999996,1
137346,0,20.000000000000007,1
137404,5,14.019607843137251,0
137451,2,20.0,1
137505,5,13.973039215686274,0
137561,1,20.0,1
137610,1,20.000000000000007,1
137655,0,20.0,1
137698,0,20.0,1
137741,1,20.0,1
137777,5,10.70588235294118,0
137836,3,20.000000000000007,1
137874,1,20.000000000000007,1
137920,2,20.0,1
137965,1,20.000000000000004,1
138006,1,20.000000000000004,1
138053,2,20.000000000000004,1
138105,5,13.862745098039223,0
138150,1,20.000000000000007,1
138206,2,20.039215686274517,1
138256,3,20.000000000000004,1
138302,1,20.000000000000004,1
138348,2,20.0,1
138393,1,20.0,1
138438,1,20.000000000000004,1
138477,5,10.647058823529415,0
138525,1,20.0,1
138568,2,20.0,1
138624,4,20.000000000000004,1
138676,0,19.999999999999996,1
138721,0,20.0,1
138791,5,15.8063725490196,0
138836,2,19.999999999999996,1
138879,0,20.0,1
138932,5,13.600490196078434,0
138980,5,13.291666666666668,0
139100,5,11.607843137254898,0
139157,5,13.436274509803917,0
139205,2,20.000000000000007,1
139260,4,20.000000000000004,1
139308,3,20.000000000000004,1
139360,1,20.0,1
139419,4,20.156862745098035,1
139474,4,20.0,1
139518,2,20.000000000000004,1
139574,2,20.117647058823536,1
139619,0,20.000000000000007,1
139659,0,20.000000000000004,1
139702,5,10.894607843137255,0
139757,2,20.16176470588235,1
139804,2,20.0,1
139862,3,20.0,1
139908,0,20.0,1
139961,5,14.509803921568624,0
140008,3,20.000000000000007,1
140056,2,19.999999999999996,1
140116,5,15.147058823529404,0
140157,0,20.000000000000004,1
140207,1,20.000000000000004,1
140269,5,15.66666666666667,0
140314,0,20.0,1
140356,0,20.000000000000007,1
140410,3,20.0,1
140459,1,20.000000000000004,1
140503,0,20.000000000000004,1
140557,5,11.470588235294114,0
140615,3,19.999999999999996,1
140659,0,20.0,1
140705,1,20.000000000000004,1
140753,2,20.000000000000004,1
140801,3,19.999999999999996,1
140849,1,20.0,1
140897,1,20.0,1
140949,5,13.352941176470589,0
141008,5,12.806372549019606,0
141055,1,20.0,1
141117,4,20.11274509803922,1
141159,1,19.999999999999996,1
141202,1,20.0,1
141244,0,20.000000000000004,1
141293,0,20.000000000000004,1
141341,1,20.000000000000004,1
141388,5,12.764705882352944,0
141435,1,20.0,1
141481,1,20.000000000000004,1
141531,2,20.0,1
141574,1,20.0,1
141641,4,20.19607843137255,1
141684,0,20.000000000000004,1
141734,2,20.000000000000007,1
141785,2,20.07843137254902,1
141834,1,20.0,1
141879,1,20.000000000000007,1
141926,0,20.0,1
141977,2,20.078431372549026,1
142021,1,20.000000000000004,1
142069,1,20.000000000000004,1
142121,3,20.0,1
142165,0,20.000000000000004,1
142206,0,19.999999999999996,1
142272,5,15.411764705882346,0
142326,5,14.490196078431374,0
142366,0,20.0,1
142414,1,20.000000000000004,1
142471,5,14.235294117647058,0
142530,5,12.977941176470587,0
142571,0,20.000000000000004,1
142626,1,20.000000000000004,1
142673,0,20.000000000000004,1
142717,0,20.000000000000004,1
142765,2,20.0,1
142807,0,19.999999999999996,1
142850,0,20.000000000000004,1
142896,1,20.0,1
142942,1,20.0,1
142989,1,20.07843137254902,1
143043,2,20.000000000000004,1
143101,2,20.039215686274513,1
143221,5,11.764705882352938,0
143264,0,20.000000000000004,1
143311,5,11.96078431372549,0
143356,2,20.000000000000007,1
143403,1,20.000000000000004,1
143458,3,20.039215686274513,1
143503,0,20.000000000000004,1
143548,1,20.000000000000004,1
143595,0,20.0,1
143640,0,20.000000000000007,1
143682,0,20.0,1
143730,1,20.000000000000004,1
143787,5,15.352941176470587,0
143843,2,20.151960784313722,1
143886,0,19.999999999999996,1
143937,2,20.000000000000004,1
143999,4,20.000000000000004,1
144041,0,20.000000000000004,1
144082,1,20.0,1
144136,2,20.039215686274506,1
144177,0,20.0,1
144216,0,20.0,1
144274,5,13.666666666666666,0
144316,0,20.0,1
144360,0,20.0,1
144411,3,20.000000000000007,1
144470,5,14.450980392156866,0
144511,1,20.0,1
144558,0,20.0,1
144606,2,20.078431372549023,1
144647,0,20.000000000000004,1
144687,0,20.0,1
144734,5,10.529411764705884,0
144788,2,19.999999999999996,1
144827,0,20.0,1
144880,2,20.0,1
144924,1,20.000000000000004,1
144967,1,20.000000000000004,1
145009,0,20.000000000000004,1
145052,0,20.0,1
145098,1,20.000000000000004,1
145152,5,14.039215686274508,0
145193,0,20.000000000000004,1
145244,2,20.000000000000004,1
145293,2,20.000000000000004,1
145343,5,12.03921568627451,0
145388,1,20.000000000000004,1
145432,1,19.999999999999996,1
145481,1,20.0,1
145540,3,20.117647058823533,1
145588,1,20.0,1
145634,1,20.000000000000004,1
145683,2,20.0,1
145727,0,20.0,1
145774,0,20.0,1
145822,0,20.0,1
145872,1,19.999999999999996,1
145931,3,20.000000000000007,1
145978,0,20.0,1
146019,1,20.000000000000004,1
146070,2,20.000000000000004,1
146120,1,20.0,1
146162,0,20.0,1
146209,1,20.0,1
146252,0,20.000000000000004,1
146303,1,20.0,1
146353,1,20.000000000000004,1
146406,2,20.235294117647058,1
146451,0,20.000000000000004,1
146498,0,20.000000000000004,1
146543,1,20.00000000000001,1
146586,0,20.0,1
146626,0,20.0,1
146670,0,20.000000000000004,1
146713,1,20.000000000000004,1
146767,5,12.039215686274506,0
146815,0,20.000000000000004,1
146868,2,20.000000000000004,1
146913,0,20.000000000000004,1
146958,0,20.000000000000004,1
147006,0,20.0,1
147055,2,20.0,1
147102,1,20.000000000000004,1
147153,0,20.0,1
147205,2,20.0,1
147254,2,20.000000000000004,1
147303,1,20.000000000000004,1
147347,0,20.000000000000004,1
147467,5,13.96078431372548,0
147517,2,20.000000000000004,1
147563,0,20.0,1
147606,0,20.000000000000004,1
147648,0,20.000000000000004,1
147697,2,20.000000000000004,1
147753,5,12.55637254901961,0
147793,0,20.000000000000004,1
147837,1,20.0,1
147880,0,20.039215686274513,1
147924,0,20.0,1
147968,1,20.0,1
148018,2,20.000000000000004,1
148064,1,20.0,1
148112,2,20.0,1
148159,0,20.0,1
148204,0,20.000000000000007,1
148250,0,19.999999999999996,1
148291,0,20.0,1
148337,5,11.470588235294118,0
148379,1,20.000000000000004,1
148420,0,20.0,1
148460,0,20.0,1
148513,2,20.093137254901965,1
148569,4,20.0,1
148619,1,20.0,1
148660,0,20.0,1
148709,5,14.000000000000005,0
148763,5,13.174019607843135,0
148807,1,20.000000000000004,1
148852,1,20.000000000000004,1
148892,0,20.0,1
148933,0,20.000000000000004,1
148981,1,20.000000000000004,1
149031,1,20.000000000000004,1
149079,2,20.117647058823525,1
149137,1,20.000000000000004,1
149179,1,20.0,1
149299,5,15.139705882352946,0
149349,0,20.0,1
149392,0,20.0,1
149512,5,13.313725490196076,0
149560,0,20.0,1
149620,5,14.392156862745093,0
149669,1,20.07843137254902,1
149712,1,20.0,1
149832,5,14.470588235294109,0
149877,0,20.0,1
149918,0,20.0,1
149970,0,20.0,1
150017,0,20.0,1
150072,1,20.07843137254902,1
150124,2,20.000000000000007,1
150170,0,20.039215686274513,1
150223,5,12.921568627450982,0
150266,0,20.0,1
150326,3,20.0,1
150374,2,20.0,1
150417,1,20.0,1
150462,1,20.000000000000004,1
150510,2,20.000000000000007,1
150557,1,20.117647058823533,1
150603,0,20.0,1
150655,0,20.27941176470588,1
150709,3,20.000000000000004,1
150756,1,20.03921568627451,1
150807,1,20.0,1
150854,1,20.078431372549026,1
150903,0,20.000000000000004,1
150951,0,20.0,1
150995,1,20.000000000000004,1
151035,0,20.03921568627451,1
151085,3,20.000000000000007,1
151133,1,20.15686274509804,1
151177,1,20.11764705882353,1
151222,1,20.07843137254902,1
151267,1,20.0,1
151314,0,20.0,1
151368,5,14.90196078431372,0
151414,1,20.000000000000004,1
151534,5,15.492647058823522,0
151588,3,20.000000000000004,1
151635,1,20.0,1
151755,5,14.725490196078423,0
151800,1,20.000000000000004,1
151854,2,20.078431372549026,1
151904,2,20.000000000000007,1
151949,1,19.999999999999993,1
151990,1,20.0,1
152037,0,20.0,1
152083,0,20.073529411764707,1
152135,3,20.0,1
152176,0,20.000000000000004,1
152230,2,20.15686274509804,1
152278,1,20.073529411764707,1
152326,0,20.000000000000004,1
152370,1,20.039215686274513,1
152418,1,20.151960784313726,1
152480,5,13.289215686274503,0
152526,1,20.000000000000007,1
152570,1,20.0,1
152616,1,19.999999999999996,1
152667,1,20.0,1
152787,5,15.818627450980385,0
152829,0,20.039215686274513,1
152874,0,20.000000000000004,1
152927,3,19.999999999999996,1
152984,2,20.0,1
153034,3,20.0,1
153080,1,20.0,1
153138,3,20.18627450980392,1
153190,4,20.000000000000004,1
153243,5,12.980392156862743,0
153292,2,20.000000000000007,1
153364,5,15.137254901960791,0
153410,1,20.03921568627451,1
153453,0,20.000000000000004,1
153501,1,20.000000000000004,1
153556,3,20.0,1
153599,0,20.0,1
153650,1,20.000000000000004,1
153701,0,20.0,1
153744,0,20.000000000000004,1
153786,0,20.000000000000004,1
153906,5,13.960784313725494,0
153949,1,20.0,1
153992,1,20.0,1
154040,1,20.000000000000004,1
154088,1,20.000000000000007,1
154137,5,12.191176470588234,0
154197,2,20.19607843137255,1
154251,2,20.039215686274513,1
154297,0,20.0,1
154342,0,20.000000000000004,1
154386,0,20.000000000000007,1
154433,1,20.000000000000007,1
154477,1,20.000000000000004,1
154541,4,20.196078431372552,1
154586,1,20.000000000000004,1
154647,5,16.07843137254902,0
154703,3,20.0,1
154755,1,20.000000000000004,1
154802,1,20.0,1
154844,0,20.000000000000004,1
154888,1,20.000000000000007,1
154940,0,20.0,1
154983,0,20.000000000000004,1
155033,2,20.0,1
155086,1,20.11764705882353,1
155134,1,19.999999999999996,1
155184,1,20.07843137254902,1
155233,2,20.000000000000004,1
155278,0,20.000000000000004,1
155332,5,12.553921568627448,0
155381,1,20.039215686274517,1
155422,0,20.000000000000004,1
155464,0,20.0,1
155521,3,20.000000000000004,1
155580,2,20.19607843137255,1
155630,0,20.0,1
155674,0,20.000000000000004,1
155731,3,20.15686274509804,1
155774,0,20.0,1
155815,0,20.0,1
155865,1,20.0,1
155914,2,20.000000000000004,1
155958,0,20.0,1
156011,2,20.000000000000007,1
156062,2,20.039215686274506,1
156114,1,20.0,1
156159,0,20.00000000000001,1
156206,0,20.0,1
156253,5,11.333333333333332,0
156314,4,20.000000000000007,1
156361,2,20.000000000000007,1
156422,5,14.901960784313724,0
156466,0,20.0,1
156510,0,20.000000000000007,1
156553,0,20.0,1
156604,1,20.000000000000004,1
156651,1,20.000000000000004,1
156720,5,15.333333333333332,0
156760,0,19.999999999999996,1
156810,1,20.0,1
156859,2,20.000000000000007,1
156900,0,20.0,1
156942,0,20.0,1
156993,1,20.000000000000004,1
157037,0,20.0,1
157077,0,20.0,1
157128,1,20.000000000000004,1
157169,0,20.000000000000004,1
157207,0,20.0,1
157252,2,20.000000000000004,1
157304,2,19.999999999999996,1
157353,1,20.000000000000004,1
157393,0,20.000000000000004,1
157432,0,20.039215686274513,1
157472,1,20.0,1
157516,1,20.0,1
157564,1,20.0,1
157604,0,20.0,1
157662,4,20.000000000000004,1
157703,0,20.0,1
157746,1,20.0,1
157791,1,20.0,1
157842,2,19.999999999999996,1
157891,2,20.000000000000007,1
157932,1,20.000000000000007,1
157975,1,20.0,1
158030,5,14.921568627450975,0
158078,0,20.000000000000007,1
158134,2,20.000000000000007,1
158180,1,20.000000000000004,1
158228,1,20.000000000000004,1
158272,0,20.000000000000004,1
158317,0,20.0,1
158379,5,14.647058823529406,0
158423,2,20.0,1
158467,0,20.0,1
158513,1,20.000000000000004,1
158554,0,20.0,1
158598,0,20.0,1
158658,5,15.784313725490195,0
158700,0,20.07843137254902,1
158748,1,20.0,1
158791,1,20.000000000000007,1
158833,1,20.0,1
158882,1,20.0,1
158931,2,20.000000000000004,1
158984,1,20.000000000000004,1
159029,1,20.0,1
159078,2,20.000000000000004,1
159123,1,20.0,1
159166,0,20.000000000000007,1
159209,0,20.000000000000004,1
159249,0,20.000000000000004,1
159290,0,20.039215686274513,1
159334,0,20.000000000000004,1
159392,5,14.921568627450982,0
159443,1,20.000000000000004,1
159493,5,12.928921568627453,0
159543,2,20.0,1
159590,0,20.000000000000004,1
159633,1,20.0,1
159681,1,20.0,1
159727,1,20.000000000000007,1
159784,5,14.352941176470589,0
159828,0,20.0,1
159876,0,20.000000000000004,1
159935,2,20.0,1
159979,1,20.000000000000004,1
160022,0,20.03921568627451,1
160074,2,20.0,1
160114,0,20.0,1
160157,0,20.0,1
160218,5,14.745098039215687,0
160278,3,20.196078431372545,1
160333,5,15.490196078431374,0
160374,0,20.0,1
160434,5,15.862745098039218,0
160477,1,20.0,1
160520,0,20.000000000000004,1
160566,2,20.0,1
160606,0,20.000000000000007,1
160651,0,20.07843137254902,1
160694,1,20.000000000000004,1
160756,5,12.382352941176467,0
160813,5,13.862745098039214,0
160857,0,20.000000000000004,1
160899,1,20.000000000000004,1
160949,1,20.000000000000004,1
160990,0,20.03921568627451,1
161034,0,20.07843137254902,1
161077,1,20.000000000000004,1
161120,0,20.0,1
161164,0,20.0,1
161207,1,20.0,1
161274,3,20.000000000000004,1
161318,1,20.03921568627451,1
161368,1,20.0,1
161416,1,20.0,1
161457,0,20.0,1
161500,0,20.000000000000004,1
161548,1,20.0,1
161595,1,20.0,1
161640,1,20.000000000000007,1
161682,0,20.0,1
161734,1,20.000000000000004,1
161785,1,20.0,1
161831,1,20.000000000000004,1
161872,0,20.000000000000004,1
161912,1,20.0,1
161970,5,15.392156862745102,0
162017,1,20.0,1
162064,1,20.000000000000004,1
162103,0,20.000000000000004,1
162147,0,20.0,1
162192,0,20.0,1
162236,0,20.000000000000004,1
162290,2,20.0,1
162354,4,20.0,1
162401,1,20.000000000000004,1
162444,1,20.000000000000007,1
162497,5,14.438725490196083,0
162540,1,20.000000000000007,1
162585,5,11.919117647058822,0
162633,1,20.000000000000004,1
162682,5,13.235294117647058,0
162730,1,20.000000000000004,1
162780,0,19.999999999999996,1
162833,5,16.07843137254902,0
162879,1,20.000000000000007,1
162929,5,12.882352941176471,0
162974,0,20.000000000000004,1
163028,5,13.784313725490197,0
163073,1,20.000000000000004,1
163117,0,20.000000000000004,1
163166,1,20.0,1
163210,0,20.000000000000004,1
163270,5,12.752450980392151,0
163319,0,20.0,1
163367,5,13.595588235294116,0
163410,0,20.0,1
163455,0,20.000000000000004,1
163499,1,20.000000000000004,1
163556,5,12.534313725490193,0
163605,5,12.536764705882355,0
163657,1,20.000000000000004,1
163709,2,20.078431372549026,1
163761,1,20.000000000000004,1
163809,0,20.0,1
163863,2,20.000000000000004,1
163905,0,20.000000000000004,1
163953,1,20.000000000000004,1
163996,1,20.000000000000004,1
164049,5,11.230392156862745,0
164094,1,20.000000000000004,1
164138,0,20.000000000000004,1
164187,1,20.000000000000004,1
164232,1,20.0,1
164278,0,20.000000000000007,1
164398,5,14.879901960784311,0
164452,2,20.0,1
164503,5,11.688725490196072,0
164545,0,20.000000000000004,1
164590,0,20.000000000000004,1
164647,5,13.916666666666668,0
164767,5,15.941176470588234,0
164807,0,19.999999999999996,1
164850,1,20.0,1
164896,1,20.0,1
164944,2,20.0,1
164987,0,20.0,1
165032,1,20.000000000000004,1
165075,0,20.0,1
165125,1,20.000000000000007,1
165179,3,20.000000000000007,1
165224,0,20.0,1
165273,0,20.0,1
165327,2,20.039215686274517,1
165367,0,20.000000000000004,1
165410,0,20.000000000000004,1
165461,0,20.0,1
165505,1,20.03921568627451,1
165553,5,11.294117647058824,0
165603,2,20.000000000000007,1
165644,0,20.0,1
165688,1,20.0,1
165742,1,20.0,1
165783,0,20.0,1
165837,4,19.999999999999996,1
165879,0,20.0,1
165923,0,19.999999999999996,1
165971,1,20.03921568627451,1
166012,0,20.000000000000004,1
166067,5,12.588235294117645,0
166111,0,20.0,1
166157,5,9.762254901960782,0
166209,1,19.999999999999996,1
166255,0,20.000000000000004,1
166296,0,20.0,1
166336,0,20.0,1
166378,0,20.0,1
166425,0,20.078431372549016,1
166472,5,12.176470588235293,0
166515,0,20.000000000000007,1
166560,0,20.078431372549016,1
166611,2,19.999999999999996,1
166678,5,15.215686274509801,0
166741,5,14.392156862745097,0
166787,1,20.0,1
166832,0,20.0,1
166892,3,20.000000000000007,1
166941,1,20.000000000000004,1
166984,1,20.000000000000004,1
167028,1,20.0,1
167075,1,19.999999999999996,1
167121,0,20.15686274509804,1
167164,0,20.0,1
167209,2,20.000000000000004,1
167253,1,20.000000000000004,1
167373,5,15.549019607843137,0
167422,5,13.62745098039216,0
167471,1,20.0,1
167519,0,20.000000000000004,1
167559,0,20.0,1
167605,1,20.000000000000007,1
167651,1,20.0,1
167771,5,15.977941176470585,0
167812,0,19.999999999999996,1
167856,1,20.117647058823525,1
167896,1,20.0,1
167964,3,20.078431372549023,1
168001,0,20.000000000000007,1
168048,1,20.0,1
168089,0,20.0,1
168154,5,15.764705882352942,0
168198,0,20.000000000000004,1
168247,2,20.0,1
168293,5,12.098039215686272,0
168333,0,20.0,1
168390,5,15.70588235294118,0
168434,1,20.0,1
168478,0,20.000000000000004,1
168522,0,20.0,1
168563,1,20.0,1
168607,0,20.0,1
168661,5,13.450980392156861,0
168701,1,20.000000000000004,1
168753,1,20.07843137254902,1
168797,0,20.0,1
168838,0,20.0,1
168884,1,20.0,1
168925,0,20.0,1
168964,0,20.0,1
169009,2,20.0,1
169048,0,20.0,1
169089,0,20.039215686274513,1
169134,1,20.0,1
169179,0,20.000000000000007,1
169226,1,20.0,1
169281,3,19.999999999999996,1
169323,1,20.000000000000007,1
169366,0,19.999999999999993,1
169409,0,20.000000000000004,1
169456,2,20.0,1
169512,2,20.078431372549026,1
169575,3,20.000000000000004,1
169646,4,20.0,1
169686,0,20.000000000000004,1
169732,0,20.0,1
169773,1,20.000000000000004,1
169823,2,20.000000000000004,1
169872,1,20.0,1
169921,1,20.0,1
169961,0,20.0,1
170003,1,20.000000000000004,1
170050,1,20.000000000000004,1
170097,0,20.0,1
170140,0,20.03921568627451,1
170183,0,20.000000000000004,1
170228,0,20.000000000000004,1
170272,0,20.0,1
170313,0,19.999999999999996,1
170354,0,20.000000000000007,1
170398,0,20.0,1
170449,2,20.000000000000007,1
170499,1,20.000000000000004,1
170544,0,20.0,1
170588,0,20.0,1
170638,0,19.999999999999996,1
170682,0,20.000000000000004,1
170727,0,20.000000000000004,1
170773,0,20.000000000000004,1
170817,1,20.000000000000004,1
170862,1,20.0,1
170913,2,20.000000000000004,1
170964,1,20.0,1
171011,1,20.000000000000004,1
171064,2,20.078431372549023,1
171109,1,20.000000000000004,1
171149,0,20.0,1
171205,0,20.0,1
171248,0,20.0,1
171368,5,13.79901960784313,0
171410,0,20.0,1
171461,1,19.999999999999996,1
171510,1,20.0,1
171566,2,20.0,1
171620,3,20.000000000000004,1
171668,1,20.07843137254902,1
171720,3,20.000000000000004,1
171773,1,20.000000000000004,1
171821,0,20.000000000000004,1
171878,5,14.313725490196077,0
171928,0,20.0,1
171972,0,19.999999999999996,1
172018,0,20.0,1
172075,1,19.999999999999996,1
172122,0,20.004901960784316,1
172169,0,20.0,1
172213,0,20.0,1
172258,0,20.0,1
172304,0,20.000000000000004,1
172349,1,20.000000000000007,1
172408,5,14.549019607843137,0
172452,1,20.0,1
172500,1,20.0,1
172620,5,14.666666666666664,0
172661,0,20.000000000000004,1
172704,0,20.000000000000004,1
172754,2,19.999999999999996,1
172796,0,20.000000000000004,1
172846,5,12.943627450980395,0
172887,0,20.000000000000007,1
172930,1,20.000000000000004,1
172979,1,20.0,1
173022,0,20.0,1
173069,0,20.000000000000007,1
173113,0,20.000000000000004,1
173167,1,19.999999999999996,1
173287,5,14.821078431372543,0
173341,1,20.0,1
173393,2,19.999999999999996,1
173436,1,20.0,1
173477,1,20.0,1
173522,0,20.000000000000004,1
173562,0,20.0,1
173607,0,20.000000000000007,1
173658,2,20.0,1
173702,0,20.000000000000004,1
173752,5,13.07843137254902,0
173799,0,20.0,1
173856,5,15.450980392156865,0
173900,0,20.000000000000004,1
173945,0,20.0,1
173991,1,20.000000000000007,1
174039,0,20.000000000000004,1
174084,0,20.0,1
174128,0,20.000000000000004,1
174181,1,20.15686274509804,1
174225,0,20.0,1
174272,1,20.000000000000004,1
174320,0,20.07843137254902,1
174371,1,20.000000000000004,1
174415,0,20.0,1
174461,1,20.0,1
174510,1,20.000000000000004,1
174630,5,14.12254901960784,0
174670,0,20.0,1
174715,0,20.0,1
174762,1,20.0,1
174805,0,20.0,1
174849,0,20.000000000000004,1
174900,1,20.0,1
174949,3,20.000000000000004,1
174993,1,20.000000000000007,1
175045,3,20.0,1
175090,0,20.000000000000004,1
175133,1,20.000000000000004,1
175181,1,20.0,1
175223,0,20.0,1
175277,5,14.19607843137255,0
175332,3,19.999999999999996,1
175375,0,20.000000000000004,1
175418,0,20.0,1
175461,0,20.000000000000004,1
175506,1,20.000000000000004,1
175563,5,15.29411764705883,0
175607,1,20.000000000000004,1
175649,0,20.0,1
175701,1,20.0,1
175745,0,20.0,1
175792,2,20.07843137254902,1
175835,0,20.000000000000004,1
175875,0,20.004901960784316,1
175939,4,20.0,1
175983,0,20.0,1
176026,0,20.0,1
176070,0,20.000000000000004,1
176111,0,20.000000000000004,1
176161,1,20.000000000000004,1
176208,0,20.0,1
176255,1,20.000000000000007,1
176295,0,20.000000000000004,1
176348,5,13.76470588235294,0
176392,0,20.0,1
176439,1,20.0,1
176482,1,20.0,1
176527,1,20.0,1
176582,2,20.0,1
176623,0,20.0,1
176668,1,20.0,1
176714,5,14.411764705882355,0
176766,3,19.999999999999996,1
176810,0,20.0,1
176858,1,20.000000000000007,1
176903,1,20.0,1
176951,1,20.000000000000004,1
176992,0,20.000000000000007,1
177033,0,20.0,1
177074,0,20.0,1
177138,3,20.0,1
177183,1,19.999999999999996,1
177226,0,20.000000000000004,1
177268,0,19.999999999999996,1
177316,1,20.000000000000004,1
177362,1,20.0,1
177414,1,20.000000000000004,1
177464,1,20.000000000000004,1
177505,1,20.0,1
177552,0,20.000000000000007,1
177597,0,19.999999999999996,1
177645,1,20.000000000000004,1
177691,0,20.000000000000004,1
177739,1,20.0,1
177789,0,20.0,1
177843,5,14.47058823529412,0
177886,0,20.0,1
177935,0,20.000000000000004,1
177981,1,20.0,1
178027,0,20.000000000000007,1
178069,0,20.0,1
178118,0,20.000000000000007,1
178172,2,20.0,1
178220,2,20.000000000000007,1
178268,1,20.000000000000004,1
178316,1,20.0,1
178360,0,20.000000000000004,1
178407,1,20.000000000000004,1
178460,2,20.0,1
178509,1,20.000000000000007,1
178551,0,19.999999999999996,1
178602,5,13.000000000000002,0
178670,4,20.0,1
178717,1,20.000000000000004,1
178761,0,20.000000000000004,1
178816,3,20.000000000000004,1
178862,0,20.000000000000004,1
178907,1,20.0,1
178959,1,19.999999999999996,1
179000,0,20.000000000000004,1
179065,5,15.926470588235302,0
179114,1,20.000000000000004,1
179158,1,20.0,1
179213,2,20.0,1
179281,2,20.11274509803922,1
179351,5,15.588235294117647,0
179404,2,20.0,1
179447,0,20.0,1
179500,5,11.801470588235292,0
179553,5,14.7843137254902,0
179598,0,20.000000000000007,1
179640,0,20.0,1
179687,1,20.039215686274506,1
179738,0,19.999999999999996,1
179811,2,20.16176470588235,1
179854,0,20.0,1
179902,2,20.000000000000004,1
179950,0,20.000000000000004,1
179991,0,19.999999999999996,1
180033,0,20.000000000000004,1
180082,1,20.000000000000004,1
180130,0,20.078431372549023,1
180176,0,20.0,1
180226,0,19.999999999999996,1
180278,2,20.0,1
180337,3,20.07843137254902,1
180395,5,12.549019607843139,0
180447,1,20.0,1
180495,0,20.0,1
180536,0,20.0,1
180577,0,20.000000000000004,1
180623,0,20.0,1
180671,0,20.000000000000007,1
