map,cost_limit,seed,wandb_run_id,score,cost,winrate,wandb_link,algorithm
1c3s5z,0,1,safedreamer_dead_allies_incremental_starcraft_lag1e-05_0.0_1c3s5z_s1_date04-29-hr12-06-59_17261617_feat-lag-real-episode-cost,19.331,4.0,0.831,https://wandb.ai/anonymous/private-mamba/runs/safedreamer_dead_allies_incremental_starcraft_lag1e-05_0.0_1c3s5z_s1_date04-29-hr12-06-59_17261617_feat-lag-real-episode-cost,SafeDreamers
1c3s5z,0,2,safedreamer_dead_allies_incremental_starcraft_lag1e-05_0.0_1c3s5z_s2_date04-29-hr12-06-59_17261618_feat-lag-real-episode-cost,19.404,4.164,0.836,https://wandb.ai/anonymous/private-mamba/runs/safedreamer_dead_allies_incremental_starcraft_lag1e-05_0.0_1c3s5z_s2_date04-29-hr12-06-59_17261618_feat-lag-real-episode-cost,SafeDreamers
1c3s5z,0,3,safedreamer_dead_allies_incremental_starcraft_lag1e-05_0.0_1c3s5z_s3_date04-29-hr12-06-59_17261619_feat-lag-real-episode-cost,19.127,4.532,0.792,https://wandb.ai/anonymous/private-mamba/runs/safedreamer_dead_allies_incremental_starcraft_lag1e-05_0.0_1c3s5z_s3_date04-29-hr12-06-59_17261619_feat-lag-real-episode-cost,SafeDreamers
1c3s5z,4,1,safedreamer_dai_starcraft_lag1e-05_4.0_1c3s5z_s1_date05-05-hr14-33-29_17336283_feat-lag-real-episod,18.857,4.922,0.753,https://wandb.ai/anonymous/private-mamba/runs/safedreamer_dai_starcraft_lag1e-05_4.0_1c3s5z_s1_date05-05-hr14-33-29_17336283_feat-lag-real-episod,SafeDreamers
1c3s5z,4,2,safedreamer_dai_starcraft_lag1e-05_4.0_1c3s5z_s2_date05-05-hr14-33-26_17336285_feat-lag-real-episod,18.835,5.727,0.697,https://wandb.ai/anonymous/private-mamba/runs/safedreamer_dai_starcraft_lag1e-05_4.0_1c3s5z_s2_date05-05-hr14-33-26_17336285_feat-lag-real-episod,SafeDreamers
1c3s5z,4,3,safedreamer_dai_starcraft_lag1e-05_4.0_1c3s5z_s3_date05-05-hr15-15-45_17336286_feat-lag-real-episod,19.754,3.851,0.919,https://wandb.ai/anonymous/private-mamba/runs/safedreamer_dai_starcraft_lag1e-05_4.0_1c3s5z_s3_date05-05-hr15-15-45_17336286_feat-lag-real-episod,SafeDreamers
2m_vs_1z,0,1,safedreamer_dead_allies_incremental_starcraft_lag1e-05_0.0_2m_vs_1z_s1_date04-29-hr12-06-59_17261620_feat-lag-real-episode-cost,19.556,0.149,0.968,https://wandb.ai/anonymous/private-mamba/runs/safedreamer_dead_allies_incremental_starcraft_lag1e-05_0.0_2m_vs_1z_s1_date04-29-hr12-06-59_17261620_feat-lag-real-episode-cost,SafeDreamers
2m_vs_1z,0,2,safedreamer_dead_allies_incremental_starcraft_lag1e-05_0.0_2m_vs_1z_s2_date04-29-hr12-07-03_17261621_feat-lag-real-episode-cost,19.621,0.065,0.972,https://wandb.ai/anonymous/private-mamba/runs/safedreamer_dead_allies_incremental_starcraft_lag1e-05_0.0_2m_vs_1z_s2_date04-29-hr12-07-03_17261621_feat-lag-real-episode-cost,SafeDreamers
2m_vs_1z,0,3,safedreamer_dead_allies_incremental_starcraft_lag1e-05_0.0_2m_vs_1z_s3_date04-29-hr12-07-03_17261622_feat-lag-real-episode-cost,18.463,0.244,0.889,https://wandb.ai/anonymous/private-mamba/runs/safedreamer_dead_allies_incremental_starcraft_lag1e-05_0.0_2m_vs_1z_s3_date04-29-hr12-07-03_17261622_feat-lag-real-episode-cost,SafeDreamers
2m_vs_1z,1,1,safedreamer_dai_starcraft_lag1e-05_1.0_2m_vs_1z_s1_date05-04-hr15-40-25_17336238_feat-lag-real-episod,19.772,0.039,0.983,https://wandb.ai/anonymous/private-mamba/runs/safedreamer_dai_starcraft_lag1e-05_1.0_2m_vs_1z_s1_date05-04-hr15-40-25_17336238_feat-lag-real-episod,SafeDreamers
2m_vs_1z,1,2,safedreamer_dai_starcraft_lag1e-05_1.0_2m_vs_1z_s2_date05-04-hr15-40-25_17336240_feat-lag-real-episod,19.100,0.190,0.931,https://wandb.ai/anonymous/private-mamba/runs/safedreamer_dai_starcraft_lag1e-05_1.0_2m_vs_1z_s2_date05-04-hr15-40-25_17336240_feat-lag-real-episod,SafeDreamers
2m_vs_1z,1,3,safedreamer_dai_starcraft_lag1e-05_1.0_2m_vs_1z_s3_date05-04-hr15-40-25_17336241_feat-lag-real-episod,19.144,0.206,0.937,https://wandb.ai/anonymous/private-mamba/runs/safedreamer_dai_starcraft_lag1e-05_1.0_2m_vs_1z_s3_date05-04-hr15-40-25_17336241_feat-lag-real-episod,SafeDreamers
2s3z,0,1,safedreamer_dead_allies_incremental_starcraft_lag1e-05_0.0_2s3z_s1_date04-29-hr12-07-05_17261623_feat-lag-real-episode-cost,18.155,2.689,0.722,https://wandb.ai/anonymous/private-mamba/runs/safedreamer_dead_allies_incremental_starcraft_lag1e-05_0.0_2s3z_s1_date04-29-hr12-07-05_17261623_feat-lag-real-episode-cost,SafeDreamers
2s3z,0,2,safedreamer_dead_allies_incremental_starcraft_lag1e-05_0.0_2s3z_s2_date04-29-hr12-07-06_17261624_feat-lag-real-episode-cost,18.617,2.208,0.781,https://wandb.ai/anonymous/private-mamba/runs/safedreamer_dead_allies_incremental_starcraft_lag1e-05_0.0_2s3z_s2_date04-29-hr12-07-06_17261624_feat-lag-real-episode-cost,SafeDreamers
2s3z,0,3,safedreamer_dead_allies_incremental_starcraft_lag1e-05_0.0_2s3z_s3_date04-29-hr12-07-13_17261625_feat-lag-real-episode-cost,18.534,1.939,0.798,https://wandb.ai/anonymous/private-mamba/runs/safedreamer_dead_allies_incremental_starcraft_lag1e-05_0.0_2s3z_s3_date04-29-hr12-07-13_17261625_feat-lag-real-episode-cost,SafeDreamers
2s3z,4,1,safedreamer_dai_starcraft_lag1e-05_4.0_2s3z_s1_date05-05-hr23-17-14_17336288_feat-lag-real-episod,18.699,2.472,0.775,https://wandb.ai/anonymous/private-mamba/runs/safedreamer_dai_starcraft_lag1e-05_4.0_2s3z_s1_date05-05-hr23-17-14_17336288_feat-lag-real-episod,SafeDreamers
2s3z,4,2,safedreamer_dai_starcraft_lag1e-05_4.0_2s3z_s2_date05-05-hr23-17-14_17336289_feat-lag-real-episod,15.945,3.691,0.468,https://wandb.ai/anonymous/private-mamba/runs/safedreamer_dai_starcraft_lag1e-05_4.0_2s3z_s2_date05-05-hr23-17-14_17336289_feat-lag-real-episod,SafeDreamers
2s3z,4,3,safedreamer_dai_starcraft_lag1e-05_4.0_2s3z_s3_date05-05-hr23-17-16_17336291_feat-lag-real-episod,17.468,2.776,0.647,https://wandb.ai/anonymous/private-mamba/runs/safedreamer_dai_starcraft_lag1e-05_4.0_2s3z_s3_date05-05-hr23-17-16_17336291_feat-lag-real-episod,SafeDreamers
2s_vs_1sc,0,1,safedreamer_dead_allies_incremental_starcraft_lag1e-05_0.0_2s_vs_1sc_s1_date04-29-hr12-07-08_17261626_feat-lag-real-episode-cost,19.772,0.276,0.943,https://wandb.ai/anonymous/private-mamba/runs/safedreamer_dead_allies_incremental_starcraft_lag1e-05_0.0_2s_vs_1sc_s1_date04-29-hr12-07-08_17261626_feat-lag-real-episode-cost,SafeDreamers
2s_vs_1sc,0,2,safedreamer_dead_allies_incremental_starcraft_lag1e-05_0.0_2s_vs_1sc_s2_date04-29-hr12-07-10_17261627_feat-lag-real-episode-cost,20.188,0.1,0.992,https://wandb.ai/anonymous/private-mamba/runs/safedreamer_dead_allies_incremental_starcraft_lag1e-05_0.0_2s_vs_1sc_s2_date04-29-hr12-07-10_17261627_feat-lag-real-episode-cost,SafeDreamers
2s_vs_1sc,0,3,safedreamer_dead_allies_incremental_starcraft_lag1e-05_0.0_2s_vs_1sc_s3_date04-29-hr12-07-10_17261628_feat-lag-real-episode-cost,19.896,0.314,0.952,https://wandb.ai/anonymous/private-mamba/runs/safedreamer_dead_allies_incremental_starcraft_lag1e-05_0.0_2s_vs_1sc_s3_date04-29-hr12-07-10_17261628_feat-lag-real-episode-cost,SafeDreamers
2s_vs_1sc,1,1,safedreamer_dai_starcraft_lag1e-05_1.0_2s_vs_1sc_s1_date05-04-hr15-40-25_17336243_feat-lag-real-episod,19.585,0.322,0.924,https://wandb.ai/anonymous/private-mamba/runs/safedreamer_dai_starcraft_lag1e-05_1.0_2s_vs_1sc_s1_date05-04-hr15-40-25_17336243_feat-lag-real-episod,SafeDreamers
2s_vs_1sc,1,2,safedreamer_dai_starcraft_lag1e-05_1.0_2s_vs_1sc_s2_date05-04-hr17-31-21_17336244_feat-lag-real-episod,19.069,0.407,0.860,https://wandb.ai/anonymous/private-mamba/runs/safedreamer_dai_starcraft_lag1e-05_1.0_2s_vs_1sc_s2_date05-04-hr17-31-21_17336244_feat-lag-real-episod,SafeDreamers
2s_vs_1sc,1,3,safedreamer_dai_starcraft_lag1e-05_1.0_2s_vs_1sc_s3_date05-05-hr04-25-36_17336246_feat-lag-real-episod,20.040,0.202,0.976,https://wandb.ai/anonymous/private-mamba/runs/safedreamer_dai_starcraft_lag1e-05_1.0_2s_vs_1sc_s3_date05-05-hr04-25-36_17336246_feat-lag-real-episod,SafeDreamers
3m,0,1,safedreamer_dead_allies_incremental_starcraft_lag1e-05_0.0_3m_s1_date04-29-hr12-07-14_17261629_feat-lag-real-episode-cost,19.191,0.457,0.937,https://wandb.ai/anonymous/private-mamba/runs/safedreamer_dead_allies_incremental_starcraft_lag1e-05_0.0_3m_s1_date04-29-hr12-07-14_17261629_feat-lag-real-episode-cost,SafeDreamers
3m,0,2,safedreamer_dead_allies_incremental_starcraft_lag1e-05_0.0_3m_s2_date04-29-hr12-07-15_17261630_feat-lag-real-episode-cost,19.859,0.326,0.989,https://wandb.ai/anonymous/private-mamba/runs/safedreamer_dead_allies_incremental_starcraft_lag1e-05_0.0_3m_s2_date04-29-hr12-07-15_17261630_feat-lag-real-episode-cost,SafeDreamers
3m,0,3,safedreamer_dead_allies_incremental_starcraft_lag1e-05_0.0_3m_s3_date04-29-hr12-07-15_17261631_feat-lag-real-episode-cost,18.989,0.474,0.916,https://wandb.ai/anonymous/private-mamba/runs/safedreamer_dead_allies_incremental_starcraft_lag1e-05_0.0_3m_s3_date04-29-hr12-07-15_17261631_feat-lag-real-episode-cost,SafeDreamers
3m,1,1,safedreamer_dai_starcraft_lag1e-05_1.0_3m_s1_date05-05-hr05-32-12_17336247_feat-lag-real-episod,19.070,0.763,0.925,https://wandb.ai/anonymous/private-mamba/runs/safedreamer_dai_starcraft_lag1e-05_1.0_3m_s1_date05-05-hr05-32-12_17336247_feat-lag-real-episod,SafeDreamers
3m,1,2,safedreamer_dai_starcraft_lag1e-05_1.0_3m_s2_date05-05-hr07-04-13_17336249_feat-lag-real-episod,19.902,0.421,0.992,https://wandb.ai/anonymous/private-mamba/runs/safedreamer_dai_starcraft_lag1e-05_1.0_3m_s2_date05-05-hr07-04-13_17336249_feat-lag-real-episod,SafeDreamers
3m,1,3,safedreamer_dai_starcraft_lag1e-05_1.0_3m_s3_date05-05-hr07-54-53_17336250_feat-lag-real-episod,19.400,0.608,0.950,https://wandb.ai/anonymous/private-mamba/runs/safedreamer_dai_starcraft_lag1e-05_1.0_3m_s3_date05-05-hr07-54-53_17336250_feat-lag-real-episod,SafeDreamers
3s5z_vs_3s6z,0,1,safedreamer_dai_starcraft_lag1e-05_0.0_3s5z_vs_3s6z_s1_date04-30-hr09-11-20_17273492_feat-lag-real-episod,8.926,8.0,0.0,https://wandb.ai/anonymous/private-mamba/runs/safedreamer_dai_starcraft_lag1e-05_0.0_3s5z_vs_3s6z_s1_date04-30-hr09-11-20_17273492_feat-lag-real-episod,SafeDreamers
3s5z_vs_3s6z,0,2,safedreamer_dai_starcraft_lag1e-05_0.0_3s5z_vs_3s6z_s2_date04-30-hr09-11-21_17273493_feat-lag-real-episod,10.433,8.0,0.0,https://wandb.ai/anonymous/private-mamba/runs/safedreamer_dai_starcraft_lag1e-05_0.0_3s5z_vs_3s6z_s2_date04-30-hr09-11-21_17273493_feat-lag-real-episod,SafeDreamers
3s5z_vs_3s6z,0,3,safedreamer_dai_starcraft_lag1e-05_0.0_3s5z_vs_3s6z_s3_date04-30-hr09-11-25_17273494_feat-lag-real-episod,11.598,7.545,0.082,https://wandb.ai/anonymous/private-mamba/runs/safedreamer_dai_starcraft_lag1e-05_0.0_3s5z_vs_3s6z_s3_date04-30-hr09-11-25_17273494_feat-lag-real-episod,SafeDreamers
3s5z_vs_3s6z,4,1,safedreamer_dai_starcraft_lag1e-05_4.0_3s5z_vs_3s6z_s1_date05-05-hr23-17-20_17336292_feat-lag-real-episod,12.255,7.767,0.070,https://wandb.ai/anonymous/private-mamba/runs/safedreamer_dai_starcraft_lag1e-05_4.0_3s5z_vs_3s6z_s1_date05-05-hr23-17-20_17336292_feat-lag-real-episod,SafeDreamers
3s5z_vs_3s6z,4,2,safedreamer_dai_starcraft_lag1e-05_4.0_3s5z_vs_3s6z_s2_date05-05-hr23-17-18_17336294_feat-lag-real-episod,14.449,7.079,0.184,https://wandb.ai/anonymous/private-mamba/runs/safedreamer_dai_starcraft_lag1e-05_4.0_3s5z_vs_3s6z_s2_date05-05-hr23-17-18_17336294_feat-lag-real-episod,SafeDreamers
3s5z_vs_3s6z,4,3,safedreamer_dai_starcraft_lag1e-05_4.0_3s5z_vs_3s6z_s3_date05-05-hr23-17-19_17336296_feat-lag-real-episod,13.130,7.769,0.077,https://wandb.ai/anonymous/private-mamba/runs/safedreamer_dai_starcraft_lag1e-05_4.0_3s5z_vs_3s6z_s3_date05-05-hr23-17-19_17336296_feat-lag-real-episod,SafeDreamers
3s_vs_3z,0,1,safedreamer_dead_allies_incremental_starcraft_lag1e-05_0.0_3s_vs_3z_s1_date04-29-hr12-07-19_17261632_feat-lag-real-episode-cost,19.76,0.74,0.961,https://wandb.ai/anonymous/private-mamba/runs/safedreamer_dead_allies_incremental_starcraft_lag1e-05_0.0_3s_vs_3z_s1_date04-29-hr12-07-19_17261632_feat-lag-real-episode-cost,SafeDreamers
3s_vs_3z,0,2,safedreamer_dead_allies_incremental_starcraft_lag1e-05_0.0_3s_vs_3z_s2_date04-29-hr12-07-19_17261633_feat-lag-real-episode-cost,20.053,1.054,0.973,https://wandb.ai/anonymous/private-mamba/runs/safedreamer_dead_allies_incremental_starcraft_lag1e-05_0.0_3s_vs_3z_s2_date04-29-hr12-07-19_17261633_feat-lag-real-episode-cost,SafeDreamers
3s_vs_3z,0,3,safedreamer_dead_allies_incremental_starcraft_lag1e-05_0.0_3s_vs_3z_s3_date04-29-hr12-07-19_17261634_feat-lag-real-episode-cost,19.682,1.053,0.934,https://wandb.ai/anonymous/private-mamba/runs/safedreamer_dead_allies_incremental_starcraft_lag1e-05_0.0_3s_vs_3z_s3_date04-29-hr12-07-19_17261634_feat-lag-real-episode-cost,SafeDreamers
3s_vs_3z,1,1,safedreamer_dai_starcraft_lag1e-05_1.0_3s_vs_3z_s2_date05-05-hr11-00-59_17336253_feat-lag-real-episod,20.048,0.506,0.988,https://wandb.ai/anonymous/private-mamba/runs/safedreamer_dai_starcraft_lag1e-05_1.0_3s_vs_3z_s2_date05-05-hr11-00-59_17336253_feat-lag-real-episod,SafeDreamers
3s_vs_3z,1,2,safedreamer_dai_starcraft_lag1e-05_1.0_3s_vs_3z_s2_date05-05-hr11-00-59_17336253_feat-lag-real-episod,20.048,0.506,0.988,https://wandb.ai/anonymous/private-mamba/runs/safedreamer_dai_starcraft_lag1e-05_1.0_3s_vs_3z_s2_date05-05-hr11-00-59_17336253_feat-lag-real-episod,SafeDreamers
3s_vs_3z,1,3,safedreamer_dai_starcraft_lag1e-05_1.0_3s_vs_3z_s3_date05-05-hr12-38-29_17336255_feat-lag-real-episod,19.698,1.343,0.914,https://wandb.ai/anonymous/private-mamba/runs/safedreamer_dai_starcraft_lag1e-05_1.0_3s_vs_3z_s3_date05-05-hr12-38-29_17336255_feat-lag-real-episod,SafeDreamers
3s_vs_4z,0,1,safedreamer_dead_allies_incremental_starcraft_lag1e-05_0.0_3s_vs_4z_s1_date04-29-hr12-07-26_17261635_feat-lag-real-episode-cost,20.116,1.413,0.794,https://wandb.ai/anonymous/private-mamba/runs/safedreamer_dead_allies_incremental_starcraft_lag1e-05_0.0_3s_vs_4z_s1_date04-29-hr12-07-26_17261635_feat-lag-real-episode-cost,SafeDreamers
3s_vs_4z,0,2,safedreamer_dead_allies_incremental_starcraft_lag1e-05_0.0_3s_vs_4z_s2_date04-29-hr12-07-26_17261636_feat-lag-real-episode-cost,19.783,1.471,0.798,https://wandb.ai/anonymous/private-mamba/runs/safedreamer_dead_allies_incremental_starcraft_lag1e-05_0.0_3s_vs_4z_s2_date04-29-hr12-07-26_17261636_feat-lag-real-episode-cost,SafeDreamers
3s_vs_4z,0,3,safedreamer_dead_allies_incremental_starcraft_lag1e-05_0.0_3s_vs_4z_s3_date04-30-hr02-29-25_17261637_feat-lag-real-episode-cost,20.906,0.937,0.991,https://wandb.ai/anonymous/private-mamba/runs/safedreamer_dead_allies_incremental_starcraft_lag1e-05_0.0_3s_vs_4z_s3_date04-30-hr02-29-25_17261637_feat-lag-real-episode-cost,SafeDreamers
3s_vs_4z,1,1,safedreamer_dai_starcraft_lag1e-05_1.0_3s_vs_4z_s1_date05-05-hr14-33-23_17336256_feat-lag-real-episod,17.243,2.655,0.241,https://wandb.ai/anonymous/private-mamba/runs/safedreamer_dai_starcraft_lag1e-05_1.0_3s_vs_4z_s1_date05-05-hr14-33-23_17336256_feat-lag-real-episod,SafeDreamers
3s_vs_4z,1,2,safedreamer_dai_starcraft_lag1e-05_1.0_3s_vs_4z_s2_date05-05-hr14-33-23_17336258_feat-lag-real-episod,16.124,2.697,0.242,https://wandb.ai/anonymous/private-mamba/runs/safedreamer_dai_starcraft_lag1e-05_1.0_3s_vs_4z_s2_date05-05-hr14-33-23_17336258_feat-lag-real-episod,SafeDreamers
3s_vs_4z,1,3,safedreamer_dai_starcraft_lag1e-05_1.0_3s_vs_4z_s3_date05-05-hr14-33-23_17336261_feat-lag-real-episod,17.527,2.062,0.438,https://wandb.ai/anonymous/private-mamba/runs/safedreamer_dai_starcraft_lag1e-05_1.0_3s_vs_4z_s3_date05-05-hr14-33-23_17336261_feat-lag-real-episod,SafeDreamers
3s_vs_5z,0,1,safedreamer_dead_allies_incremental_starcraft_lag1e-05_0.0_3s_vs_5z_s1_date04-30-hr02-29-33_17261638_feat-lag-real-episode-cost,20.483,1.398,0.695,https://wandb.ai/anonymous/private-mamba/runs/safedreamer_dead_allies_incremental_starcraft_lag1e-05_0.0_3s_vs_5z_s1_date04-30-hr02-29-33_17261638_feat-lag-real-episode-cost,SafeDreamers
3s_vs_5z,0,2,safedreamer_dead_allies_incremental_starcraft_lag1e-05_0.0_3s_vs_5z_s2_date04-30-hr02-29-26_17261639_feat-lag-real-episode-cost,20.387,1.627,0.719,https://wandb.ai/anonymous/private-mamba/runs/safedreamer_dead_allies_incremental_starcraft_lag1e-05_0.0_3s_vs_5z_s2_date04-30-hr02-29-26_17261639_feat-lag-real-episode-cost,SafeDreamers
3s_vs_5z,0,3,safedreamer_dead_allies_incremental_starcraft_lag1e-05_0.0_3s_vs_5z_s3_date04-30-hr02-29-26_17261640_feat-lag-real-episode-cost,20.311,2.248,0.468,https://wandb.ai/anonymous/private-mamba/runs/safedreamer_dead_allies_incremental_starcraft_lag1e-05_0.0_3s_vs_5z_s3_date04-30-hr02-29-26_17261640_feat-lag-real-episode-cost,SafeDreamers
3s_vs_5z,1,1,safedreamer_dai_starcraft_lag1e-05_1.0_3s_vs_5z_s1_date05-05-hr14-33-23_17336262_feat-lag-real-episod,16.280,2.923,0.038,https://wandb.ai/anonymous/private-mamba/runs/safedreamer_dai_starcraft_lag1e-05_1.0_3s_vs_5z_s1_date05-05-hr14-33-23_17336262_feat-lag-real-episod,SafeDreamers
3s_vs_5z,1,2,safedreamer_dai_starcraft_lag1e-05_1.0_3s_vs_5z_s2_date05-05-hr14-33-41_17336273_feat-lag-real-episod,16.924,2.909,0.045,https://wandb.ai/anonymous/private-mamba/runs/safedreamer_dai_starcraft_lag1e-05_1.0_3s_vs_5z_s2_date05-05-hr14-33-41_17336273_feat-lag-real-episod,SafeDreamers
3s_vs_5z,1,3,safedreamer_dai_starcraft_lag1e-05_1.0_3s_vs_5z_s3_date05-05-hr14-33-29_17336279_feat-lag-real-episod,19.120,2.167,0.417,https://wandb.ai/anonymous/private-mamba/runs/safedreamer_dai_starcraft_lag1e-05_1.0_3s_vs_5z_s3_date05-05-hr14-33-29_17336279_feat-lag-real-episod,SafeDreamers
8m,0,1,safedreamer_dead_allies_incremental_starcraft_lag1e-05_0.0_8m_s1_date04-26-hr21-43-35_17209123_feat-lag-real-episode-cost,19.768,1.690,0.971,https://wandb.ai/anonymous/private-mamba/runs/safedreamer_dead_allies_incremental_starcraft_lag1e-05_0.0_8m_s1_date04-26-hr21-43-35_17209123_feat-lag-real-episode-cost,SafeDreamers
8m,0,2,safedreamer_dead_allies_incremental_starcraft_lag1e-05_0.0_8m_s2_date04-26-hr21-43-38_17209124_feat-lag-real-episode-cost,19.841,1.717,0.980,https://wandb.ai/anonymous/private-mamba/runs/safedreamer_dead_allies_incremental_starcraft_lag1e-05_0.0_8m_s2_date04-26-hr21-43-38_17209124_feat-lag-real-episode-cost,SafeDreamers
8m,0,3,safedreamer_dead_allies_incremental_starcraft_lag1e-05_0.0_8m_s3_date04-26-hr21-43-42_17209125_feat-lag-real-episode-cost,16.305,5.012,0.616,https://wandb.ai/anonymous/private-mamba/runs/safedreamer_dead_allies_incremental_starcraft_lag1e-05_0.0_8m_s3_date04-26-hr21-43-42_17209125_feat-lag-real-episode-cost,SafeDreamers
8m,4,1,safedreamer_dai_starcraft_lag1e-05_4.0_8m_s1_date05-05-hr23-17-19_17336298_feat-lag-real-episod,16.071,5.508,0.565,https://wandb.ai/anonymous/private-mamba/runs/safedreamer_dai_starcraft_lag1e-05_4.0_8m_s1_date05-05-hr23-17-19_17336298_feat-lag-real-episod,SafeDreamers
8m,4,2,safedreamer_dai_starcraft_lag1e-05_4.0_8m_s2_date05-05-hr23-17-19_17336300_feat-lag-real-episod,17.708,4.762,0.729,https://wandb.ai/anonymous/private-mamba/runs/safedreamer_dai_starcraft_lag1e-05_4.0_8m_s2_date05-05-hr23-17-19_17336300_feat-lag-real-episod,SafeDreamers
8m,4,3,safedreamer_dai_starcraft_lag1e-05_4.0_8m_s3_date05-05-hr23-17-19_17336301_feat-lag-real-episod,17.994,4.806,0.761,https://wandb.ai/anonymous/private-mamba/runs/safedreamer_dai_starcraft_lag1e-05_4.0_8m_s3_date05-05-hr23-17-19_17336301_feat-lag-real-episod,SafeDreamers
bane_vs_bane,0,1,safedreamer_dai_starcraft_lag1e-05_0.0_bane_vs_bane_s1_date04-30-hr09-11-25_17273495_feat-lag-real-episod,19.251,11.57,0.826,https://wandb.ai/anonymous/private-mamba/runs/safedreamer_dai_starcraft_lag1e-05_0.0_bane_vs_bane_s1_date04-30-hr09-11-25_17273495_feat-lag-real-episod,SafeDreamers
bane_vs_bane,0,2,safedreamer_dai_starcraft_lag1e-05_0.0_bane_vs_bane_s2_date04-30-hr09-11-31_17273496_feat-lag-real-episod,19.818,6.567,0.945,https://wandb.ai/anonymous/private-mamba/runs/safedreamer_dai_starcraft_lag1e-05_0.0_bane_vs_bane_s2_date04-30-hr09-11-31_17273496_feat-lag-real-episod,SafeDreamers
bane_vs_bane,0,3,safedreamer_dai_starcraft_lag1e-05_0.0_bane_vs_bane_s3_date05-01-hr22-51-38_17289848_feat-lag-real-episod,19.887,8.512,0.972,https://wandb.ai/anonymous/private-mamba/runs/safedreamer_dai_starcraft_lag1e-05_0.0_bane_vs_bane_s3_date05-01-hr22-51-38_17289848_feat-lag-real-episod,SafeDreamers
bane_vs_bane,4,1,safedreamer_dai_starcraft_lag1e-05_4.0_bane_vs_bane_s1_date05-06-hr06-10-49_17336307_feat-lag-real-episod,19.998,5.422,0.997,https://wandb.ai/anonymous/private-mamba/runs/safedreamer_dai_starcraft_lag1e-05_4.0_bane_vs_bane_s1_date05-06-hr06-10-49_17336307_feat-lag-real-episod,SafeDreamers
bane_vs_bane,4,2,safedreamer_dai_starcraft_lag1e-05_4.0_bane_vs_bane_s2_date05-06-hr06-10-49_17336309_feat-lag-real-episod,19.779,7.719,0.964,https://wandb.ai/anonymous/private-mamba/runs/safedreamer_dai_starcraft_lag1e-05_4.0_bane_vs_bane_s2_date05-06-hr06-10-49_17336309_feat-lag-real-episod,SafeDreamers
bane_vs_bane,4,3,safedreamer_dai_starcraft_lag1e-05_4.0_bane_vs_bane_s3_date05-06-hr06-10-49_17336311_feat-lag-real-episod,19.942,5.956,0.985,https://wandb.ai/anonymous/private-mamba/runs/safedreamer_dai_starcraft_lag1e-05_4.0_bane_vs_bane_s3_date05-06-hr06-10-49_17336311_feat-lag-real-episod,SafeDreamers
MMM,0,1,safedreamer_dead_allies_incremental_starcraft_lag1e-05_0.0_MMM_s1_date04-30-hr08-49-05_17273374_feat-lag-real-episode-cost,19.789,4.973,0.854,https://wandb.ai/anonymous/private-mamba/runs/safedreamer_dead_allies_incremental_starcraft_lag1e-05_0.0_MMM_s1_date04-30-hr08-49-05_17273374_feat-lag-real-episode-cost,SafeDreamers
MMM,0,2,safedreamer_dead_allies_incremental_starcraft_lag1e-05_0.0_MMM_s2_date04-30-hr08-49-16_17273375_feat-lag-real-episode-cost,19.022,4.701,0.836,https://wandb.ai/anonymous/private-mamba/runs/safedreamer_dead_allies_incremental_starcraft_lag1e-05_0.0_MMM_s2_date04-30-hr08-49-16_17273375_feat-lag-real-episode-cost,SafeDreamers
MMM,0,3,safedreamer_dead_allies_incremental_starcraft_lag1e-05_0.0_MMM_s3_date04-30-hr08-47-08_17273376_feat-lag-real-episode-cost,18.654,5.197,0.775,https://wandb.ai/anonymous/private-mamba/runs/safedreamer_dead_allies_incremental_starcraft_lag1e-05_0.0_MMM_s3_date04-30-hr08-47-08_17273376_feat-lag-real-episode-cost,SafeDreamers
MMM,4,1,safedreamer_dai_starcraft_lag1e-05_4.0_MMM_s1_date05-05-hr23-17-20_17336303_feat-lag-real-episod,16.926,7.875,0.487,https://wandb.ai/anonymous/private-mamba/runs/safedreamer_dai_starcraft_lag1e-05_4.0_MMM_s1_date05-05-hr23-17-20_17336303_feat-lag-real-episod,SafeDreamers
MMM,4,2,safedreamer_dai_starcraft_lag1e-05_4.0_MMM_s2_date05-05-hr23-17-20_17336304_feat-lag-real-episod,15.744,8.036,0.530,https://wandb.ai/anonymous/private-mamba/runs/safedreamer_dai_starcraft_lag1e-05_4.0_MMM_s2_date05-05-hr23-17-20_17336304_feat-lag-real-episod,SafeDreamers
MMM,4,3,safedreamer_dai_starcraft_lag1e-05_4.0_MMM_s3_date05-06-hr06-10-50_17336306_feat-lag-real-episod,18.387,7.724,0.632,https://wandb.ai/anonymous/private-mamba/runs/safedreamer_dai_starcraft_lag1e-05_4.0_MMM_s3_date05-06-hr06-10-50_17336306_feat-lag-real-episod,SafeDreamers
